dimension,tier,series,n,meanErr,ci95,tstat,sd,mae,medianErr,pctUnderProj,meanActualKs,meanProj
overall,all,live,2694,-1.0162,0.0986,-20.2,2.6108,2.1994,-0.87,0.6437,4.827,3.811
overall,all,p1,3110,0.6518,0.0986,12.95,2.8066,2.2484,0.5526,0.4087,4.756,5.408
overall,all,p2,3110,0.1184,0.0967,2.4,2.7523,2.1405,0.0239,0.4952,4.756,4.875
month,2026-03,live,107,-0.923,0.4692,-3.86,2.4765,2.0299,-0.67,0.5981,5.103,4.18
month,2026-03,p1,152,0.8733,0.4383,3.91,2.7567,2.3187,1.0673,0.375,5.099,5.972
month,2026-03,p2,152,0.8733,0.4383,3.91,2.7567,2.3187,1.0673,0.375,5.099,5.972
month,2026-04,live,625,-0.417,0.1942,-4.21,2.4775,1.9848,-0.35,0.5648,4.746,4.329
month,2026-04,p1,784,0.8902,0.218,8.0,3.1144,2.4915,0.73,0.4056,4.691,5.582
month,2026-04,p2,784,0.8902,0.218,8.0,3.1144,2.4915,0.73,0.4056,4.691,5.582
month,2026-05,live,673,-1.1666,0.1951,-11.72,2.5827,2.2234,-1.07,0.6716,4.896,3.729
month,2026-05,p1,838,0.6612,0.1835,7.06,2.7105,2.195,0.5624,0.3938,4.711,5.372
month,2026-05,p2,838,-0.1835,0.1723,-2.09,2.5451,1.9983,-0.1255,0.531,4.711,4.528
month,2026-06,live,757,-1.301,0.1893,-13.47,2.6568,2.3246,-1.23,0.675,4.811,3.51
month,2026-06,p1,788,0.4719,0.1839,5.03,2.6334,2.1129,0.4882,0.4277,4.764,5.236
month,2026-06,p2,788,-0.269,0.1742,-3.03,2.4949,1.9852,-0.2119,0.5406,4.764,4.495
month,2026-07,live,532,-1.1433,0.2257,-9.93,2.6565,2.2772,-1.07,0.6654,4.803,3.659
month,2026-07,p1,548,0.4936,0.2278,4.25,2.7209,2.1574,0.4103,0.4179,4.812,5.306
month,2026-07,p2,548,-0.1763,0.2175,-1.59,2.5981,2.0296,-0.1677,0.5365,4.812,4.636
pitcher_asof_k9,1: <7,live,620,-0.7322,0.1841,-7.79,2.3392,1.9225,-0.585,0.6161,4.04,3.308
pitcher_asof_k9,1: <7,p1,702,-0.4815,0.1684,-5.6,2.2764,1.8393,-0.3878,0.5655,4.001,3.52
pitcher_asof_k9,1: <7,p2,702,-0.83,0.1666,-9.76,2.2527,1.8829,-0.6793,0.6339,4.001,3.171
pitcher_asof_k9,2: 7-8.5,live,645,-1.1068,0.1899,-11.42,2.4612,2.1304,-1.02,0.662,4.657,3.551
pitcher_asof_k9,2: 7-8.5,p1,724,0.0436,0.17,0.5,2.3338,1.8377,0.2032,0.4669,4.564,4.607
pitcher_asof_k9,2: 7-8.5,p2,724,-0.4738,0.1693,-5.49,2.3241,1.848,-0.389,0.576,4.564,4.09
pitcher_asof_k9,3: 8.5-10,live,659,-1.2816,0.2113,-11.89,2.7677,2.4251,-1.24,0.6904,5.302,4.02
pitcher_asof_k9,3: 8.5-10,p1,741,0.7604,0.1998,7.46,2.7755,2.298,0.7916,0.3968,5.291,6.052
pitcher_asof_k9,3: 8.5-10,p2,741,0.0804,0.1967,0.8,2.7318,2.1642,0.0635,0.4858,5.291,5.372
pitcher_asof_k9,4: >=10,live,548,-1.2048,0.2405,-9.82,2.8722,2.4615,-1.12,0.6442,5.641,4.436
pitcher_asof_k9,4: >=10,p1,629,1.9264,0.2275,16.59,2.9116,2.8068,1.9485,0.2496,5.583,7.51
pitcher_asof_k9,4: >=10,p2,629,1.2077,0.2259,10.48,2.891,2.4663,1.2078,0.3498,5.583,6.791
pitcher_asof_k9,no-prior-2026,live,222,-0.2925,0.3164,-1.81,2.405,1.8565,-0.095,0.527,4.099,3.807
pitcher_asof_k9,no-prior-2026,p1,314,1.7782,0.359,9.71,3.2455,2.8741,1.6409,0.2707,3.968,5.746
pitcher_asof_k9,no-prior-2026,p2,314,1.5122,0.3467,8.55,3.1342,2.6822,1.3778,0.3121,3.968,5.48
pitcher_snap_k9,1: <7,live,592,-0.4858,0.1714,-5.56,2.1274,1.7005,-0.33,0.5676,3.541,3.055
pitcher_snap_k9,1: <7,p1,699,0.1807,0.1646,2.15,2.2202,1.7511,0.2575,0.4478,3.452,3.633
pitcher_snap_k9,1: <7,p2,699,-0.17,0.1624,-2.05,2.1908,1.7078,-0.0925,0.525,3.452,3.282
pitcher_snap_k9,2: 7-8.5,live,815,-0.7598,0.1654,-9.01,2.4086,2.0041,-0.72,0.6245,4.418,3.659
pitcher_snap_k9,2: 7-8.5,p1,920,0.3405,0.164,4.07,2.538,2.015,0.3736,0.437,4.373,4.713
pitcher_snap_k9,2: 7-8.5,p2,920,-0.114,0.1616,-1.38,2.5004,1.9638,-0.0956,0.5207,4.373,4.259
pitcher_snap_k9,3: 8.5-10,live,753,-1.1913,0.194,-12.03,2.7167,2.3774,-1.19,0.6707,5.25,4.058
pitcher_snap_k9,3: 8.5-10,p1,872,0.934,0.2038,8.98,3.071,2.5363,0.8961,0.3784,5.178,6.112
pitcher_snap_k9,3: 8.5-10,p2,872,0.3173,0.2017,3.08,3.0389,2.3982,0.1518,0.4713,5.178,5.495
pitcher_snap_k9,4: >=10,live,529,-1.7821,0.2569,-13.6,3.0149,2.8091,-1.77,0.724,6.316,4.534
pitcher_snap_k9,4: >=10,p1,614,1.2483,0.2552,9.59,3.226,2.7627,1.1816,0.3681,6.235,7.483
pitcher_snap_k9,4: >=10,p2,614,0.5057,0.251,3.95,3.1732,2.5414,0.3558,0.4609,6.235,6.74
pitcher_snap_k9,no-snap,live,5,1.802,1.7882,1.98,2.0401,1.81,1.87,0.2,2.6,4.402
pitcher_snap_k9,no-snap,p1,5,1.3382,0.4714,5.56,0.5378,1.3382,1.6387,0.0,2.6,3.938
pitcher_snap_k9,no-snap,p2,5,0.9823,0.4331,4.45,0.4941,0.9823,1.0568,0.0,2.6,3.582
opp_asof_k27,1: <7.89,live,671,-1.0159,0.1892,-10.52,2.5005,2.1262,-0.98,0.6647,4.592,3.576
opp_asof_k27,1: <7.89,p1,770,0.5753,0.1904,5.92,2.6954,2.1356,0.5119,0.413,4.545,5.121
opp_asof_k27,1: <7.89,p2,770,0.0834,0.1859,0.88,2.6322,2.034,-0.0143,0.5039,4.545,4.629
opp_asof_k27,2: 7.89-8.37,live,676,-1.1094,0.1967,-11.06,2.6087,2.2228,-0.995,0.6391,4.657,3.547
opp_asof_k27,2: 7.89-8.37,p1,770,0.6318,0.1937,6.39,2.7421,2.2021,0.6478,0.3948,4.534,5.166
opp_asof_k27,2: 7.89-8.37,p2,770,0.0123,0.1878,0.13,2.6592,2.0471,0.019,0.4961,4.534,4.546
opp_asof_k27,3: 8.37-9.05,live,679,-1.0722,0.1978,-10.63,2.6292,2.2086,-0.94,0.6583,4.932,3.86
opp_asof_k27,3: 8.37-9.05,p1,770,0.6187,0.1997,6.07,2.8266,2.2439,0.4821,0.4286,4.843,5.462
opp_asof_k27,3: 8.37-9.05,p2,770,0.0177,0.1954,0.18,2.7661,2.1527,-0.0928,0.5195,4.843,4.861
opp_asof_k27,4: >=9.05,live,654,-0.8825,0.2063,-8.38,2.6915,2.241,-0.705,0.6177,5.122,4.24
opp_asof_k27,4: >=9.05,p1,770,0.7421,0.2087,6.97,2.9554,2.3994,0.5788,0.4039,5.069,5.811
opp_asof_k27,4: >=9.05,p2,770,0.3003,0.2064,2.85,2.9227,2.3115,0.1969,0.4701,5.069,5.369
opp_asof_k27,no-prior-2026,live,14,-0.0514,1.6191,-0.06,3.0909,2.1929,0.335,0.3571,5.429,5.377
opp_asof_k27,no-prior-2026,p1,30,1.6604,0.9811,3.32,2.7416,2.5704,1.9031,0.2667,5.633,7.294
opp_asof_k27,no-prior-2026,p2,30,1.6604,0.9811,3.32,2.7416,2.5704,1.9031,0.2667,5.633,7.294
line_level,1: <=3.5,live,598,-1.5356,0.1952,-15.42,2.4359,2.2706,-1.41,0.7241,4.182,2.647
line_level,1: <=3.5,p1,627,0.3626,0.2119,3.35,2.7069,2.0805,0.2268,0.4545,4.113,4.476
line_level,1: <=3.5,p2,627,-0.1121,0.2038,-1.08,2.6034,2.0037,-0.2298,0.547,4.113,4.001
line_level,2: 4-4.5,live,947,-1.2339,0.1564,-15.46,2.4556,2.1312,-1.06,0.6843,4.559,3.325
line_level,2: 4-4.5,p1,1010,0.446,0.1645,5.32,2.6666,2.1231,0.4097,0.4356,4.541,4.987
line_level,2: 4-4.5,p2,1010,-0.0828,0.1597,-1.02,2.5902,2.0333,-0.0469,0.5119,4.541,4.458
line_level,3: 5-5.5,live,767,-0.8767,0.1854,-9.27,2.6193,2.1708,-0.72,0.6128,5.154,4.277
line_level,3: 5-5.5,p1,800,0.8655,0.1955,8.68,2.8217,2.3273,0.7874,0.3775,5.09,5.955
line_level,3: 5-5.5,p2,800,0.255,0.1934,2.58,2.7913,2.1813,0.128,0.4738,5.09,5.345
line_level,4: 6-6.5,live,301,-0.1007,0.326,-0.61,2.8859,2.3217,-0.03,0.5017,5.767,5.667
line_level,4: 6-6.5,p1,317,0.7678,0.3288,4.58,2.9866,2.4018,0.7403,0.3849,5.801,6.569
line_level,4: 6-6.5,p2,317,0.1675,0.3301,0.99,2.9987,2.3229,-0.0547,0.5079,5.801,5.969
line_level,5: >=7,live,81,0.6417,0.6256,2.01,2.8725,2.2891,0.96,0.3951,6.136,6.778
line_level,5: >=7,p1,83,1.177,0.674,3.42,3.1328,2.662,1.1564,0.3735,6.193,7.37
line_level,5: >=7,p2,83,0.4428,0.6592,1.32,3.064,2.4317,0.5612,0.4578,6.193,6.636
line_level,no-line,live,0,,,,,,,,,
line_level,no-line,p1,273,1.1568,0.3607,6.29,3.0408,2.5625,1.194,0.3333,4.403,5.56
line_level,no-line,p2,273,0.8365,0.3569,4.59,3.009,2.4317,0.8797,0.3736,4.403,5.239
line_integer,half,live,2684,-1.0193,0.0988,-20.21,2.6126,2.2017,-0.875,0.6442,4.829,3.81
line_integer,half,p1,2827,0.6027,0.1025,11.52,2.7807,2.2199,0.5137,0.4163,4.792,5.395
line_integer,half,p2,2827,0.0485,0.1002,0.95,2.7194,2.115,-0.0349,0.5069,4.792,4.841
line_integer,integer,live,10,-0.185,1.247,-0.29,2.012,1.583,-0.015,0.5,4.3,4.115
line_integer,integer,p1,10,0.743,1.4184,1.03,2.2884,1.7304,0.7616,0.3,4.3,5.043
line_integer,integer,p2,10,0.2882,1.224,0.46,1.9748,1.3894,0.0506,0.5,4.3,4.588
line_integer,no-line,live,0,,,,,,,,,
line_integer,no-line,p1,273,1.1568,0.3607,6.29,3.0408,2.5625,1.194,0.3333,4.403,5.56
line_integer,no-line,p2,273,0.8365,0.3569,4.59,3.009,2.4317,0.8797,0.3736,4.403,5.239
ump_kmod,1: <=0.97,live,327,-0.935,0.2817,-6.5,2.5992,2.2041,-0.87,0.6575,4.716,3.781
ump_kmod,1: <=0.97,p1,364,0.5437,0.2851,3.74,2.7756,2.1847,0.3466,0.4615,4.64,5.184
ump_kmod,1: <=0.97,p2,364,0.0167,0.2811,0.12,2.7363,2.1047,-0.2013,0.5357,4.64,4.657
ump_kmod,2: 0.97-1.03,live,1166,-0.9832,0.1485,-12.97,2.5877,2.1619,-0.82,0.6295,4.783,3.8
ump_kmod,2: 0.97-1.03,p1,1256,0.6912,0.1531,8.85,2.7676,2.2189,0.5251,0.41,4.735,5.426
ump_kmod,2: 0.97-1.03,p2,1256,0.1069,0.1488,1.41,2.6911,2.1003,-0.0426,0.5064,4.735,4.842
ump_kmod,3: >=1.03,live,349,-1.1091,0.2896,-7.51,2.76,2.3563,-1.12,0.6762,4.946,3.836
ump_kmod,3: >=1.03,p1,374,0.4726,0.271,3.42,2.6737,2.1294,0.4545,0.4011,4.858,5.331
ump_kmod,3: >=1.03,p2,374,-0.0853,0.2654,-0.63,2.6182,2.0409,-0.0604,0.5187,4.858,4.773
ump_kmod,unknown,live,852,-1.0544,0.1737,-11.9,2.5869,2.1847,-0.865,0.6444,4.881,3.827
ump_kmod,unknown,p1,1116,0.7028,0.1703,8.09,2.9025,2.3421,0.7281,0.3925,4.784,5.487
ump_kmod,unknown,p2,1116,0.2329,0.1681,2.72,2.8652,2.2308,0.2058,0.4615,4.784,5.017
days_rest,1: <=4,live,13,1.1346,1.253,1.77,2.305,2.1485,1.79,0.2308,2.154,3.288
days_rest,1: <=4,p1,15,1.5784,1.2123,2.55,2.3955,2.0985,0.762,0.2,2.133,3.712
days_rest,1: <=4,p2,15,1.2428,1.2579,1.94,2.4856,1.9701,0.3711,0.2667,2.133,3.376
days_rest,2: 5,live,769,-1.2148,0.1829,-13.02,2.5884,2.2474,-1.15,0.6736,5.031,3.816
days_rest,2: 5,p1,855,0.4336,0.1791,4.75,2.6714,2.1157,0.3426,0.4421,5.008,5.442
days_rest,2: 5,p2,855,-0.1093,0.1763,-1.22,2.6295,2.0531,-0.1618,0.5322,5.008,4.899
days_rest,3: 6,live,1116,-1.0405,0.1556,-13.1,2.6528,2.2464,-0.87,0.6496,4.912,3.872
days_rest,3: 6,p1,1280,0.6103,0.1523,7.85,2.7806,2.2502,0.5635,0.4086,4.862,5.473
days_rest,3: 6,p2,1280,0.049,0.1487,0.65,2.7136,2.1225,0.0141,0.4977,4.862,4.912
days_rest,4: 7-10,live,376,-1.3939,0.2568,-10.64,2.5406,2.2614,-1.225,0.7048,5.266,3.872
days_rest,4: 7-10,p1,416,0.4028,0.2696,2.93,2.8056,2.1914,0.2033,0.4447,5.228,5.631
days_rest,4: 7-10,p2,416,-0.2419,0.2618,-1.81,2.7242,2.1203,-0.37,0.5553,5.228,4.987
days_rest,5: >10,live,198,-0.3425,0.351,-1.91,2.5198,2.0185,-0.275,0.5354,3.712,3.37
days_rest,5: >10,p1,230,0.5461,0.3173,3.37,2.4551,1.9899,0.3961,0.4217,3.622,4.168
days_rest,5: >10,p2,230,0.0266,0.3022,0.17,2.3383,1.8739,0.0025,0.5,3.622,3.648
days_rest,no-prior-2026,live,222,-0.2925,0.3164,-1.81,2.405,1.8565,-0.095,0.527,4.099,3.807
days_rest,no-prior-2026,p1,314,1.7782,0.359,9.71,3.2455,2.8741,1.6409,0.2707,3.968,5.746
days_rest,no-prior-2026,p2,314,1.5122,0.3467,8.55,3.1342,2.6822,1.3778,0.3121,3.968,5.48
starter_outs,1: <=9 (<=3 IP),live,247,1.5953,0.2242,13.94,1.798,1.9496,1.57,0.1862,1.947,3.543
starter_outs,1: <=9 (<=3 IP),p1,335,2.9843,0.2761,21.19,2.578,3.1568,2.65,0.0866,1.845,4.829
starter_outs,1: <=9 (<=3 IP),p2,335,2.501,0.2657,18.45,2.4811,2.7315,2.1753,0.1284,1.845,4.346
starter_outs,2: 10-14,live,556,-0.1751,0.1784,-1.92,2.1468,1.6828,-0.22,0.536,4.049,3.874
starter_outs,2: 10-14,p1,628,0.8485,0.194,8.57,2.4806,2.0026,0.6101,0.3885,4.073,4.922
starter_outs,2: 10-14,p2,628,0.3827,0.1891,3.97,2.4173,1.8743,0.0954,0.4777,4.073,4.456
starter_outs,3: 15-17 (5-6 IP),live,879,-1.1863,0.1517,-15.33,2.2948,2.0539,-1.2,0.7031,4.958,3.772
starter_outs,3: 15-17 (5-6 IP),p1,1005,0.4008,0.1637,4.8,2.6481,2.1032,0.2906,0.4517,4.87,5.27
starter_outs,3: 15-17 (5-6 IP),p2,1005,-0.0987,0.1591,-1.22,2.5731,2.0153,-0.1671,0.5403,4.87,4.771
starter_outs,4: 18-20 (6-7 IP),live,707,-1.6621,0.1902,-17.12,2.5807,2.4427,-1.64,0.7341,5.492,3.83
starter_outs,4: 18-20 (6-7 IP),p1,802,0.26,0.1913,2.66,2.7637,2.2074,0.2488,0.4601,5.532,5.792
starter_outs,4: 18-20 (6-7 IP),p2,802,-0.3187,0.186,-3.36,2.6882,2.1587,-0.2933,0.5424,5.532,5.214
starter_outs,5: >=21 (7+ IP),live,305,-2.6767,0.3179,-16.5,2.8324,3.1992,-2.68,0.8295,6.659,3.982
starter_outs,5: >=21 (7+ IP),p1,340,-0.3436,0.31,-2.17,2.9163,2.3331,-0.1424,0.5147,6.721,6.377
starter_outs,5: >=21 (7+ IP),p2,340,-1.0442,0.3049,-6.71,2.8686,2.3769,-0.8904,0.6441,6.721,5.676
verdict_live,EDGE,live,26,1.8342,0.8721,4.12,2.2688,2.3404,1.765,0.1538,4.538,6.373
verdict_live,EDGE,p1,26,1.455,1.0238,2.79,2.6635,2.5416,1.5433,0.3846,4.538,5.993
verdict_live,EDGE,p2,26,1.455,1.0238,2.79,2.6635,2.5416,1.5433,0.3846,4.538,5.993
verdict_live,EDGE OVER,live,2,2.405,2.2638,2.08,1.6334,2.405,2.405,0.0,3.5,5.905
verdict_live,EDGE OVER,p1,2,1.1281,4.4404,0.5,3.2039,2.2655,1.1281,0.5,3.5,4.628
verdict_live,EDGE OVER,p2,2,1.1281,4.4404,0.5,3.2039,2.2655,1.1281,0.5,3.5,4.628
verdict_live,EDGE UNDER,live,2,-3.82,2.8616,-2.62,2.0648,3.82,-3.82,1.0,9.0,5.18
verdict_live,EDGE UNDER,p1,2,-2.2313,3.0452,-1.44,2.1972,2.2313,-2.2313,1.0,9.0,6.769
verdict_live,EDGE UNDER,p2,2,-2.2313,3.0452,-1.44,2.1972,2.2313,-2.2313,1.0,9.0,6.769
verdict_live,FADE,live,1,-2.69,,,0.0,2.69,-2.69,1.0,7.0,4.31
verdict_live,FADE,p1,1,-3.3987,,,0.0,3.3987,-3.3987,1.0,7.0,3.601
verdict_live,FADE,p2,1,-3.3987,,,0.0,3.3987,-3.3987,1.0,7.0,3.601
verdict_live,NEUTRAL,live,5,0.614,2.8197,0.43,3.2169,2.338,0.65,0.4,5.0,5.614
verdict_live,NEUTRAL,p1,5,1.0515,4.0813,0.5,4.6562,2.8372,0.1823,0.2,5.0,6.051
verdict_live,NEUTRAL,p2,5,1.0515,4.0813,0.5,4.6562,2.8372,0.1823,0.2,5.0,6.051
verdict_live,OVER,live,220,0.2487,0.3705,1.32,2.8037,2.2686,0.52,0.4409,5.127,5.376
verdict_live,OVER,p1,223,1.0689,0.3959,5.29,3.0165,2.5222,0.8322,0.3901,5.085,6.154
verdict_live,OVER,p2,223,0.6354,0.3955,3.15,3.0134,2.4067,0.3411,0.4395,5.085,5.721
verdict_live,PASS,live,281,0.1111,0.3186,0.68,2.7249,2.1146,0.05,0.4875,5.021,5.132
verdict_live,PASS,p1,287,0.7559,0.3232,4.58,2.7939,2.2867,0.8612,0.3798,5.014,5.77
verdict_live,PASS,p2,287,0.1825,0.3148,1.14,2.7205,2.124,0.1884,0.4739,5.014,5.196
verdict_live,UNDER,live,2157,-1.33,0.1044,-24.97,2.4735,2.1995,-1.19,0.6912,4.771,3.441
verdict_live,UNDER,p1,2192,0.5082,0.1138,8.75,2.7195,2.1524,0.431,0.4288,4.749,5.257
verdict_live,UNDER,p2,2192,-0.0649,0.1109,-1.15,2.6484,2.0592,-0.1158,0.5251,4.749,4.684
verdict_live,none,live,0,,,,,,,,,
verdict_live,none,p1,372,1.1303,0.3135,7.07,3.0853,2.589,1.2128,0.3226,4.392,5.523
verdict_live,none,p2,372,0.7504,0.3082,4.77,3.0327,2.4307,0.8506,0.3763,4.392,5.143
side,away,live,1338,-0.8652,0.1418,-11.96,2.6456,2.1895,-0.745,0.6256,4.646,3.781
side,away,p1,1555,0.8223,0.1408,11.45,2.8325,2.2996,0.6462,0.3923,4.568,5.39
side,away,p2,1555,0.2876,0.1382,4.08,2.7798,2.1835,0.1474,0.4746,4.568,4.855
side,home,live,1356,-1.1652,0.1367,-16.71,2.5684,2.2093,-1.09,0.6615,5.005,3.84
side,home,p1,1555,0.4813,0.1377,6.85,2.771,2.1972,0.4783,0.4251,4.945,5.426
side,home,p2,1555,-0.0508,0.1349,-0.74,2.7148,2.0975,-0.0737,0.5158,4.945,4.894
halves,H1: Mar-May,live,1405,-0.8146,0.1335,-11.96,2.5523,2.1025,-0.66,0.6185,4.845,4.03
halves,H1: Mar-May,p1,1774,0.7806,0.135,11.34,2.9003,2.3367,0.6709,0.3974,4.736,5.516
halves,H1: Mar-May,p2,1774,0.3816,0.1339,5.59,2.8766,2.2437,0.2583,0.4622,4.736,5.117
halves,H2: Jun-Jul,live,1289,-1.2359,0.145,-16.7,2.6568,2.305,-1.15,0.6711,4.808,3.572
halves,H2: Jun-Jul,p1,1336,0.4808,0.1431,6.59,2.6686,2.1312,0.4739,0.4237,4.784,5.264
halves,H2: Jun-Jul,p2,1336,-0.231,0.1361,-3.33,2.5372,2.0034,-0.1944,0.5389,4.784,4.553
