check,series,propRefId,gameId,gameDate,side,player,stored,rederived,detail
stored_backtestResult_vs_rederived_actualSide,live,1860006,2251365,2026-07-18,away,Paul Skenes,UNDER,OVER,line=6.5 aks=9.0 src=linescore
stored_backtestResult_vs_rederived_actualSide,live,1860005,2251365,2026-07-18,home,Joey Cantillo,UNDER,OVER,line=5.5 aks=11.0 src=linescore
stored_backtestResult_vs_rederived_actualSide,live,1950006,2251420,2026-07-22,away,Bubba Chandler,UNDER,OVER,line=4.5 aks=5.0 src=linescore
replay_grades_result,live,90052,2250028,2026-03-28,away,Jacob deGrom,WIN,,status=VOID_SCRATCH line=6.5 aks=None g.line=6.5 g.actual=3
replay_grades_result,live,60055,2250096,2026-04-03,away,Eury Perez,WIN,,status=VOID_SCRATCH line=6.5 aks=None g.line=6.5 g.actual=4
replay_grades_result,live,90185,2250118,2026-04-04,home,Chase Dollander,LOSS,,status=VOID_SCRATCH line=3.5 aks=None g.line=3.5 g.actual=6
replay_grades_result,live,90191,2250117,2026-04-05,away,Edward Cabrera,WIN,,status=VOID_SCRATCH line=5.5 aks=None g.line=5.5 g.actual=4
replay_grades_result,live,90192,2250117,2026-04-05,home,Slade Cecconi,LOSS,,status=VOID_SCRATCH line=4.5 aks=None g.line=4.5 g.actual=6
replay_grades_result,live,90196,2250124,2026-04-05,away,Chris Paddack,LOSS,,status=VOID_SCRATCH line=3.5 aks=None g.line=3.5 g.actual=4
replay_grades_result,live,90212,2250133,2026-04-05,home,Ryan Johnson,WIN,,status=VOID_SCRATCH line=4.5 aks=None g.line=4.5 g.actual=4
replay_grades_result,live,90005,2250138,2026-04-06,away,Andrew Abbott,WIN,,status=VOID_SCRATCH line=5.5 aks=None g.line=5.5 g.actual=4
replay_grades_result,live,90006,2250138,2026-04-06,home,Sandy Alcantara,WIN,,status=VOID_SCRATCH line=5.5 aks=None g.line=5.5 g.actual=3
replay_grades_result,live,90010,2250140,2026-04-06,away,Jacob Misiorowski,LOSS,,status=VOID_SCRATCH line=6.5 aks=None g.line=6.5 g.actual=4
replay_grades_result,live,90009,2250140,2026-04-06,home,Garrett Crochet,WIN,,status=VOID_SCRATCH line=6.5 aks=None g.line=6.5 g.actual=5
replay_grades_result,live,90013,2250141,2026-04-06,away,Yoshinobu Yamamoto,WIN,,status=VOID_SCRATCH line=5.5 aks=None g.line=5.5 g.actual=2
replay_grades_result,live,90014,2250141,2026-04-06,home,Kevin Gausman,WIN,,status=VOID_SCRATCH line=5.5 aks=None g.line=5.5 g.actual=2
replay_grades_result,live,90017,2250142,2026-04-06,away,Tarik Skubal,WIN,,status=VOID_SCRATCH line=7.5 aks=None g.line=7.5 g.actual=4
replay_grades_result,live,90018,2250142,2026-04-06,home,Taj Bradley,LOSS,,status=VOID_SCRATCH line=5.5 aks=None g.line=5.5 g.actual=7
replay_grades_result,live,90025,2250147,2026-04-06,away,Cristopher Sanchez,WIN,,status=VOID_SCRATCH line=6.5 aks=None g.line=6.5 g.actual=1
replay_grades_result,live,90026,2250147,2026-04-06,home,Robbie Ray,WIN,,status=VOID_SCRATCH line=5.5 aks=None g.line=5.5 g.actual=3
replay_grades_result,live,120002,2250148,2026-04-07,away,Cole Ragans,LOSS,,status=VOID_SCRATCH line=6.5 aks=None g.line=6.5 g.actual=5
replay_grades_result,live,120011,2250149,2026-04-07,away,Michael King,LOSS,,status=VOID_SCRATCH line=5.5 aks=None g.line=5.5 g.actual=8
replay_grades_result,live,120010,2250149,2026-04-07,home,Mitch Keller,LOSS,,status=VOID_SCRATCH line=4.5 aks=None g.line=4.5 g.actual=6
replay_grades_result,live,120007,2250150,2026-04-07,away,Colin Rea,WIN,,status=VOID_SCRATCH line=3.5 aks=None g.line=3.5 g.actual=3
replay_grades_result,live,120012,2250150,2026-04-07,home,Joe Boyle,WIN,,status=VOID_SCRATCH line=5.5 aks=None g.line=5.5 g.actual=2
replay_grades_result,live,120008,2250151,2026-04-07,away,Brady Singer,WIN,,status=VOID_SCRATCH line=4.5 aks=None g.line=4.5 g.actual=2
replay_grades_result,live,120009,2250151,2026-04-07,home,Eury Perez,WIN,,status=VOID_SCRATCH line=6.5 aks=None g.line=6.5 g.actual=6
replay_grades_result,live,120015,2250152,2026-04-07,away,Michael McGreevy,LOSS,,status=VOID_SCRATCH line=3.5 aks=None g.line=3.5 g.actual=6
replay_grades_result,live,120016,2250152,2026-04-07,home,Miles Mikolas,WIN,,status=VOID_SCRATCH line=3.5 aks=None g.line=3.5 g.actual=3
replay_grades_result,live,120013,2250153,2026-04-07,home,Sonny Gray,WIN,,status=VOID_SCRATCH line=5.5 aks=None g.line=5.5 g.actual=7
replay_grades_result,live,120017,2250154,2026-04-07,away,Luis Severino,LOSS,,status=VOID_SCRATCH line=4.5 aks=None g.line=4.5 g.actual=6
replay_grades_result,live,120018,2250154,2026-04-07,home,Will Warren,LOSS,,status=VOID_SCRATCH line=5.5 aks=None g.line=5.5 g.actual=7
replay_grades_result,live,120020,2250155,2026-04-07,home,Dylan Cease,WIN,,status=VOID_SCRATCH line=6.5 aks=None g.line=6.5 g.actual=5
replay_grades_result,live,120021,2250156,2026-04-07,away,Framber Valdez,WIN,,status=VOID_SCRATCH line=5.5 aks=None g.line=5.5 g.actual=7
replay_grades_result,live,120022,2250156,2026-04-07,home,Bailey Ober,LOSS,,status=VOID_SCRATCH line=4.5 aks=None g.line=4.5 g.actual=10
replay_grades_result,live,120003,2250157,2026-04-07,away,Kyle Bradish,WIN,,status=VOID_SCRATCH line=5.5 aks=None g.line=5.5 g.actual=6
replay_grades_result,live,120004,2250157,2026-04-07,home,Sean Burke,LOSS,,status=VOID_SCRATCH line=5.5 aks=None g.line=5.5 g.actual=8
replay_grades_result,live,120023,2250158,2026-04-07,away,Bryan Woo,WIN,,status=VOID_SCRATCH line=6.0 aks=None g.line=6.0 g.actual=4
replay_grades_result,live,120024,2250158,2026-04-07,home,MacKenzie Gore,LOSS,,status=VOID_SCRATCH line=6.5 aks=None g.line=6.5 g.actual=7
replay_grades_result,live,120026,2250159,2026-04-07,away,Cristian Javier,WIN,,status=VOID_SCRATCH line=4.5 aks=None g.line=4.5 g.actual=3
replay_grades_result,live,120025,2250159,2026-04-07,home,Michael Lorenzen,LOSS,,status=VOID_SCRATCH line=3.5 aks=None g.line=3.5 g.actual=5
replay_grades_result,live,120029,2250161,2026-04-07,away,Aaron Nola,LOSS,,status=VOID_SCRATCH line=5.5 aks=None g.line=5.5 g.actual=6
replay_grades_result,live,120030,2250161,2026-04-07,home,Tyler Mahle,LOSS,,status=VOID_SCRATCH line=4.5 aks=None g.line=4.5 g.actual=7
replay_grades_result,live,120005,2252434,2026-04-07,away,Ryne Nelson,LOSS,,status=VOID_SCRATCH line=4.5 aks=None g.line=4.5 g.actual=5
replay_grades_result,live,120006,2252434,2026-04-07,home,David Peterson,LOSS,,status=VOID_SCRATCH line=4.5 aks=None g.line=4.5 g.actual=5
replay_grades_result,live,120040,2250163,2026-04-08,away,Seth Lugo,WIN,,status=VOID_SCRATCH line=4.5 aks=None g.line=4.5 g.actual=2
replay_grades_result,live,150009,2250173,2026-04-08,away,Rhett Lowder,WIN,,status=VOID_SCRATCH line=4.5 aks=None g.line=4.5 g.actual=3
replay_grades_result,live,150010,2250173,2026-04-08,home,Max Meyer,LOSS,,status=VOID_SCRATCH line=5.5 aks=None g.line=5.5 g.actual=6
replay_grades_result,live,120036,2250174,2026-04-08,away,Jeffrey Springs,LOSS,,status=VOID_SCRATCH line=4.5 aks=None g.line=4.5 g.actual=7
replay_grades_result,live,120037,2250174,2026-04-08,home,Ryan Weathers,WIN,,status=VOID_SCRATCH line=5.5 aks=None g.line=5.5 g.actual=5
replay_grades_result,live,120047,2250175,2026-04-08,away,Jack Flaherty,WIN,,status=VOID_SCRATCH line=5.5 aks=None g.line=5.5 g.actual=2
replay_grades_result,live,120048,2250175,2026-04-08,home,Mick Abel,WIN,,status=VOID_SCRATCH line=4.5 aks=None g.line=4.5 g.actual=2
replay_grades_result,live,120046,2252454,2026-04-08,away,Eduardo Rodriguez,LOSS,,status=VOID_SCRATCH line=4.5 aks=None g.line=4.5 g.actual=5
replay_grades_result,live,150007,2252454,2026-04-08,home,Nolan McLean,WIN,,status=VOID_SCRATCH line=5.5 aks=None g.line=5.5 g.actual=6
replay_grades_result,live,180001,2250176,2026-04-09,away,Chase Burns,WIN,,status=VOID_SCRATCH line=7.5 aks=None g.line=7.5 g.actual=2
replay_grades_result,live,180002,2250176,2026-04-09,home,Chris Paddack,LOSS,,status=VOID_SCRATCH line=3.5 aks=None g.line=3.5 g.actual=4
replay_grades_result,live,180003,2250177,2026-04-09,away,J.T. Ginn,LOSS,,status=VOID_SCRATCH line=3.5 aks=None g.line=3.5 g.actual=6
replay_grades_result,live,180004,2250177,2026-04-09,home,Luis Gil,LOSS,,status=VOID_SCRATCH line=4.5 aks=None g.line=4.5 g.actual=7
replay_grades_result,live,180005,2250178,2026-04-09,away,Keider Montero,LOSS,,status=VOID_SCRATCH line=3.5 aks=None g.line=3.5 g.actual=6
replay_grades_result,live,180006,2250178,2026-04-09,home,Simeon Woods Richardson,LOSS,,status=VOID_SCRATCH line=3.5 aks=None g.line=3.5 g.actual=6
replay_grades_result,live,180009,2250179,2026-04-09,away,Davis Martin,LOSS,,status=VOID_SCRATCH line=3.5 aks=None g.line=3.5 g.actual=6
replay_grades_result,live,180010,2250179,2026-04-09,home,Kris Bubic,WIN,,status=VOID_SCRATCH line=5.5 aks=None g.line=5.5 g.actual=4
replay_grades_result,live,210001,2250180,2026-04-09,away,Tomoyuki Sugano,WIN,,status=VOID_SCRATCH line=3.5 aks=None g.line=3.5 g.actual=0
replay_grades_result,live,180011,2250180,2026-04-09,home,Walker Buehler,LOSS,,status=VOID_SCRATCH line=4.5 aks=None g.line=4.5 g.actual=8
replay_grades_result,live,180007,2252459,2026-04-09,away,Michael Soroka,WIN,,status=VOID_SCRATCH line=4.5 aks=None g.line=4.5 g.actual=3
replay_grades_result,live,180008,2252459,2026-04-09,home,Clay Holmes,LOSS,,status=VOID_SCRATCH line=4.5 aks=None g.line=4.5 g.actual=8
replay_grades_result,live,240001,2250181,2026-04-10,home,Edward Cabrera,LOSS,,status=VOID_SCRATCH line=6.5 aks=None g.line=6.5 g.actual=9
replay_grades_result,live,240004,2250182,2026-04-10,away,Janson Junk,WIN,,status=VOID_SCRATCH line=4.5 aks=None g.line=4.5 g.actual=4
replay_grades_result,live,240003,2250182,2026-04-10,home,Casey Mize,LOSS,,status=VOID_SCRATCH line=4.5 aks=None g.line=4.5 g.actual=7
replay_grades_result,live,240008,2250184,2026-04-10,away,Joe Ryan,WIN,,status=VOID_SCRATCH line=5.5 aks=None g.line=5.5 g.actual=2
replay_grades_result,live,240009,2250184,2026-04-10,home,Eric Lauer,WIN,,status=VOID_SCRATCH line=4.5 aks=None g.line=4.5 g.actual=3
replay_grades_result,live,240010,2250185,2026-04-10,away,Jacob Lopez,WIN,,status=VOID_SCRATCH line=4.5 aks=None g.line=4.5 g.actual=4
replay_grades_result,live,240011,2250185,2026-04-10,home,Kodai Senga,WIN,,status=VOID_SCRATCH line=6.5 aks=None g.line=6.5 g.actual=3
replay_grades_result,live,240012,2250186,2026-04-10,away,Max Fried,LOSS,,status=VOID_SCRATCH line=5.5 aks=None g.line=5.5 g.actual=2
replay_grades_result,live,270002,2250186,2026-04-10,home,Nick Martinez,LOSS,,status=VOID_SCRATCH line=4.5 aks=None g.line=4.5 g.actual=7
replay_grades_result,live,240016,2250187,2026-04-10,away,Logan Webb,LOSS,,status=VOID_SCRATCH line=5.5 aks=None g.line=5.5 g.actual=4
replay_grades_result,live,240014,2250187,2026-04-10,home,Chris Bassitt,WIN,,status=VOID_SCRATCH line=4.5 aks=None g.line=4.5 g.actual=4
replay_grades_result,live,240019,2250190,2026-04-10,home,Kyle Harrison,WIN,,status=VOID_SCRATCH line=5.5 aks=None g.line=5.5 g.actual=4
replay_grades_result,live,240021,2250191,2026-04-10,away,Ranger Suarez,LOSS,,status=VOID_SCRATCH line=4.5 aks=None g.line=4.5 g.actual=5
replay_grades_result,live,240027,2250194,2026-04-10,away,Jack Leiter,WIN,,status=VOID_SCRATCH line=5.5 aks=None g.line=5.5 g.actual=5
replay_grades_result,live,240026,2250194,2026-04-10,home,Emmet Sheehan,LOSS,,status=VOID_SCRATCH line=5.5 aks=None g.line=5.5 g.actual=7
replay_grades_result,live,240002,2252463,2026-04-10,away,Brandon Pfaadt,LOSS,,status=VOID_SCRATCH line=4.5 aks=None g.line=4.5 g.actual=10
replay_grades_result,live,360012,2250227,2026-04-13,away,Max Meyer,WIN,,status=VOID_SCRATCH line=4.5 aks=None g.line=4.5 g.actual=2
replay_grades_result,live,360011,2250227,2026-04-13,home,Reynaldo Lopez,WIN,,status=VOID_SCRATCH line=4.5 aks=None g.line=4.5 g.actual=3
replay_grades_result,live,360013,2250228,2026-04-13,away,Sonny Gray,LOSS,,status=VOID_SCRATCH line=5.5 aks=None g.line=5.5 g.actual=0
replay_grades_result,live,360014,2250228,2026-04-13,home,Mick Abel,LOSS,,status=VOID_SCRATCH line=4.5 aks=None g.line=4.5 g.actual=7
replay_grades_result,live,360018,2250230,2026-04-13,away,MacKenzie Gore,PUSH,,status=VOID_SCRATCH line=7.0 aks=None g.line=7.0 g.actual=7
replay_grades_result,live,360017,2250230,2026-04-13,home,Jeffrey Springs,LOSS,,status=VOID_SCRATCH line=4.5 aks=None g.line=4.5 g.actual=7
replay_grades_result,live,360020,2250231,2026-04-13,away,Nolan McLean,WIN,,status=VOID_SCRATCH line=5.5 aks=None g.line=5.5 g.actual=7
replay_grades_result,live,360019,2250231,2026-04-13,home,Yoshinobu Yamamoto,LOSS,,status=VOID_SCRATCH line=6.5 aks=None g.line=6.5 g.actual=2
replay_grades_result,live,390005,2250232,2026-04-14,away,Seth Lugo,WIN,,status=VOID_SCRATCH line=4.5 aks=None g.line=4.5 g.actual=1
replay_grades_result,live,390004,2250232,2026-04-14,home,Jack Flaherty,WIN,,status=VOID_SCRATCH line=4.5 aks=None g.line=4.5 g.actual=1
replay_grades_result,live,390009,2250233,2026-04-14,away,Miles Mikolas,WIN,,status=VOID_SCRATCH line=3.5 aks=None g.line=3.5 g.actual=1
replay_grades_result,live,390008,2250234,2026-04-14,away,Tyler Mahle,LOSS,,status=VOID_SCRATCH line=4.5 aks=None g.line=4.5 g.actual=6
replay_grades_result,live,390003,2250234,2026-04-14,home,Rhett Lowder,WIN,,status=VOID_SCRATCH line=3.5 aks=None g.line=3.5 g.actual=1
replay_grades_result,live,420001,2250235,2026-04-14,away,Shota Imanaga,WIN,,status=VOID_SCRATCH line=5.5 aks=None g.line=5.5 g.actual=1
replay_grades_result,live,390006,2250235,2026-04-14,home,Jesus Luzardo,WIN,,status=VOID_SCRATCH line=6.5 aks=None g.line=6.5 g.actual=5
replay_grades_result,live,390014,2250238,2026-04-14,away,Connelly Early,LOSS,,status=VOID_SCRATCH line=5.5 aks=None g.line=5.5 g.actual=1
replay_grades_result,live,390017,2250238,2026-04-14,home,Simeon Woods Richardson,LOSS,,status=VOID_SCRATCH line=4.5 aks=None g.line=4.5 g.actual=10
replay_grades_result,live,390020,2250241,2026-04-14,away,Slade Cecconi,WIN,,status=VOID_SCRATCH line=4.5 aks=None g.line=4.5 g.actual=4
replay_grades_result,live,390021,2250241,2026-04-14,home,Dustin May,WIN,,status=VOID_SCRATCH line=3.5 aks=None g.line=3.5 g.actual=2
replay_grades_result,live,390029,2250245,2026-04-14,away,Clay Holmes,LOSS,,status=VOID_SCRATCH line=3.5 aks=None g.line=3.5 g.actual=8
replay_grades_result,live,390001,2252517,2026-04-14,away,Eduardo Rodriguez,WIN,,status=VOID_SCRATCH line=4.5 aks=None g.line=4.5 g.actual=3
replay_grades_result,live,390002,2252517,2026-04-14,home,Kyle Bradish,WIN,,status=VOID_SCRATCH line=4.5 aks=None g.line=4.5 g.actual=6
replay_grades_result,live,450008,2250250,2026-04-15,home,Chase Burns,LOSS,,status=VOID_SCRATCH line=5.5 aks=None g.line=5.5 g.actual=4
replay_grades_result,live,450020,2250254,2026-04-15,away,Jesse Scholtens,WIN,,status=VOID_SCRATCH line=3.5 aks=None g.line=3.5 g.actual=1
replay_grades_result,live,480002,2250260,2026-04-16,away,Zack Littell,LOSS,,status=VOID_SCRATCH line=3.5 aks=None g.line=3.5 g.actual=7
replay_grades_result,live,480020,2250263,2026-04-16,away,Jose Soriano,WIN,,status=VOID_SCRATCH line=5.5 aks=None g.line=5.5 g.actual=2
replay_grades_result,live,480010,2250265,2026-04-16,home,Davis Martin,WIN,,status=VOID_SCRATCH line=4.5 aks=None g.line=4.5 g.actual=0
replay_grades_result,live,480019,2250268,2026-04-16,away,Tomoyuki Sugano,WIN,,status=VOID_SCRATCH line=3.5 aks=None g.line=3.5 g.actual=2
replay_grades_result,live,510028,2252570,2026-04-17,away,Eric Lauer,WIN,,status=VOID_SCRATCH line=3.5 aks=None g.line=3.5 g.actual=0
replay_grades_result,live,510035,2250299,2026-04-19,home,Miles Mikolas,WIN,,status=VOID_SCRATCH line=3.5 aks=None g.line=3.5 g.actual=0
replay_grades_result,live,510045,2250306,2026-04-19,away,Tobias Myers,LOSS,,status=VOID_SCRATCH line=1.5 aks=None g.line=1.5 g.actual=2
replay_grades_result,live,510051,2250309,2026-04-19,home,Reid Detmers,LOSS,,status=VOID_SCRATCH line=5.5 aks=None g.line=5.5 g.actual=8
replay_grades_result,live,630066,2250437,2026-04-30,away,Lance McCullers,WIN,,status=VOID_SCRATCH line=4.5 aks=None g.line=4.5 g.actual=3
replay_grades_result,live,690008,2250476,2026-05-03,away,Logan Henderson,WIN,,status=VOID_SCRATCH line=4.5 aks=None g.line=4.5 g.actual=8
replay_grades_result,live,690011,2250476,2026-05-03,home,Zack Littell,WIN,,status=VOID_SCRATCH line=3.5 aks=None g.line=3.5 g.actual=2
replay_grades_result,live,780012,2250539,2026-05-08,away,Zack Littell,LOSS,,status=VOID_SCRATCH line=3.5 aks=None g.line=3.5 g.actual=9
replay_grades_result,live,780010,2250539,2026-05-08,home,Janson Junk,WIN,,status=VOID_SCRATCH line=4.5 aks=None g.line=4.5 g.actual=2
replay_grades_result,live,780014,2250540,2026-05-08,away,Joe Ryan,WIN,,status=VOID_SCRATCH line=4.5 aks=None g.line=4.5 g.actual=6
replay_grades_result,live,810005,2250563,2026-05-10,home,Brandon Young,WIN,,status=VOID_SCRATCH line=4.5 aks=None g.line=4.5 g.actual=2
replay_grades_result,live,810011,2250566,2026-05-10,home,Kevin Gausman,WIN,,status=VOID_SCRATCH line=5.5 aks=None g.line=5.5 g.actual=2
replay_grades_result,live,810041,2250576,2026-05-11,away,Walbert Urena,WIN,,status=VOID_SCRATCH line=3.5 aks=None g.line=3.5 g.actual=1
replay_grades_result,live,810036,2252886,2026-05-11,home,MacKenzie Gore,WIN,,status=VOID_SCRATCH line=5.5 aks=None g.line=5.5 g.actual=2
replay_grades_result,live,810043,2250581,2026-05-12,away,Reid Detmers,WIN,,status=VOID_SCRATCH line=5.5 aks=None g.line=5.5 g.actual=4
replay_grades_result,live,810069,2250582,2026-05-12,home,Kyle Bradish,WIN,,status=VOID_SCRATCH line=5.5 aks=None g.line=5.5 g.actual=3
replay_grades_result,live,810070,2250585,2026-05-12,home,Sonny Gray,WIN,,status=VOID_SCRATCH line=4.5 aks=None g.line=4.5 g.actual=2
replay_grades_result,live,810050,2250586,2026-05-12,away,Griffin Jax,LOSS,,status=VOID_SCRATCH line=4.5 aks=None g.line=4.5 g.actual=7
replay_grades_result,live,810061,2250591,2026-05-12,away,Michael King,WIN,,status=VOID_SCRATCH line=5.5 aks=None g.line=5.5 g.actual=1
replay_grades_result,live,810071,2250592,2026-05-12,home,Lance McCullers,WIN,,status=VOID_SCRATCH line=5.5 aks=None g.line=5.5 g.actual=3
replay_grades_result,live,810081,2250599,2026-05-13,away,Jesus Luzardo,WIN,,status=VOID_SCRATCH line=6.5 aks=None g.line=6.5 g.actual=4
replay_grades_result,live,810085,2250601,2026-05-13,home,Nolan McLean,LOSS,,status=VOID_SCRATCH line=6.5 aks=None g.line=6.5 g.actual=5
replay_grades_result,live,810086,2250602,2026-05-13,home,Chris Sale,LOSS,,status=VOID_SCRATCH line=6.5 aks=None g.line=6.5 g.actual=4
replay_grades_result,live,840022,2250609,2026-05-14,home,Braxton Ashcraft,WIN,,status=VOID_SCRATCH line=5.5 aks=None g.line=5.5 g.actual=3
replay_grades_result,live,840003,2250610,2026-05-14,away,Zack Littell,LOSS,,status=VOID_SCRATCH line=3.5 aks=None g.line=3.5 g.actual=7
replay_grades_result,live,840006,2250612,2026-05-14,away,Janson Junk,WIN,,status=VOID_SCRATCH line=3.5 aks=None g.line=3.5 g.actual=3
replay_grades_result,live,840018,2250618,2026-05-14,home,Sean Burke,WIN,,status=VOID_SCRATCH line=4.5 aks=None g.line=4.5 g.actual=4
replay_grades_result,live,870004,2250622,2026-05-15,home,Casey Mize,WIN,,status=VOID_SCRATCH line=4.5 aks=None g.line=4.5 g.actual=1
replay_grades_result,live,870011,2250624,2026-05-15,home,Nick Martinez,WIN,,status=VOID_SCRATCH line=4.5 aks=None g.line=4.5 g.actual=2
replay_grades_result,live,870030,2250629,2026-05-15,away,Logan Henderson,LOSS,,status=VOID_SCRATCH line=5.5 aks=None g.line=5.5 g.actual=3
replay_grades_result,live,870025,2250631,2026-05-15,away,Justin Wrobleski,WIN,,status=VOID_SCRATCH line=5.5 aks=None g.line=5.5 g.actual=2
replay_grades_result,live,900030,2250634,2026-05-16,away,Kevin Gausman,WIN,,status=VOID_SCRATCH line=5.5 aks=None g.line=5.5 g.actual=3
replay_grades_result,live,900017,2250642,2026-05-16,home,Bailey Ober,LOSS,,status=VOID_SCRATCH line=4.5 aks=None g.line=4.5 g.actual=8
replay_grades_result,live,900029,2250645,2026-05-16,home,Freddy Peralta,WIN,,status=VOID_SCRATCH line=6.5 aks=None g.line=6.5 g.actual=2
replay_grades_result,live,900038,2250649,2026-05-17,home,Jake Irvin,WIN,,status=VOID_SCRATCH line=4.5 aks=None g.line=4.5 g.actual=1
replay_grades_result,live,960039,2250707,2026-05-21,away,Kevin Gausman,WIN,,status=VOID_SCRATCH line=5.5 aks=None g.line=5.5 g.actual=4
replay_grades_result,live,960040,2253025,2026-05-21,away,Tomoyuki Sugano,LOSS,,status=VOID_SCRATCH line=2.5 aks=None g.line=2.5 g.actual=4
replay_grades_result,live,990014,2250715,2026-05-22,away,Freddy Peralta,WIN,,status=VOID_SCRATCH line=5.5 aks=None g.line=5.5 g.actual=0
replay_grades_result,live,990016,2250716,2026-05-22,home,Brandon Young,WIN,,status=VOID_SCRATCH line=4.5 aks=None g.line=4.5 g.actual=2
replay_grades_result,live,990018,2250717,2026-05-22,away,Jake Irvin,WIN,,status=VOID_SCRATCH line=4.5 aks=None g.line=4.5 g.actual=0
replay_grades_result,live,1020002,2250733,2026-05-23,away,Matthew Liberatore,LOSS,,status=VOID_SCRATCH line=4.5 aks=None g.line=4.5 g.actual=8
replay_grades_result,live,1020001,2250733,2026-05-23,home,Brady Singer,WIN,,status=VOID_SCRATCH line=4.5 aks=None g.line=4.5 g.actual=1
replay_grades_result,live,1020077,2250756,2026-05-25,away,Cade Cavalli,WIN,,status=VOID_SCRATCH line=4.5 aks=None g.line=4.5 g.actual=0
replay_grades_result,live,1020079,2250758,2026-05-25,home,Randy Vasquez,LOSS,,status=VOID_SCRATCH line=3.5 aks=None g.line=3.5 g.actual=5
replay_grades_result,live,1140002,2250768,2026-05-26,home,Kevin Gausman,WIN,,status=VOID_SCRATCH line=5.5 aks=None g.line=5.5 g.actual=1
replay_grades_result,live,1080021,2250774,2026-05-26,home,Jeffrey Springs,LOSS,,status=VOID_SCRATCH line=4.5 aks=None g.line=4.5 g.actual=5
replay_grades_result,live,1110004,2250778,2026-05-27,away,Miles Mikolas,LOSS,,status=VOID_SCRATCH line=2.5 aks=None g.line=2.5 g.actual=1
replay_grades_result,live,1200058,2250811,2026-05-30,home,Sean Burke,WIN,,status=VOID_SCRATCH line=5.5 aks=None g.line=5.5 g.actual=3
replay_grades_result,live,1200057,2250818,2026-05-30,away,Janson Junk,WIN,,status=VOID_SCRATCH line=3.5 aks=None g.line=3.5 g.actual=2
replay_grades_result,live,1200059,2250820,2026-05-30,away,Jordan Wicks,LOSS,,status=VOID_SCRATCH line=3.5 aks=None g.line=3.5 g.actual=6
replay_grades_result,live,1200039,2250831,2026-05-31,away,Sandy Alcantara,WIN,,status=VOID_SCRATCH line=3.5 aks=None g.line=3.5 g.actual=2
replay_grades_result,live,1200066,2250841,2026-06-01,home,Andrew Abbott,WIN,,status=VOID_SCRATCH line=4.5 aks=None g.line=4.5 g.actual=2
replay_grades_result,live,1290001,2250850,2026-06-02,away,Max Meyer,WIN,,status=VOID_SCRATCH line=5.5 aks=None g.line=5.5 g.actual=3
replay_grades_result,live,1230007,2250850,2026-06-02,home,Andrew Alvarez,WIN,,status=VOID_SCRATCH line=4.5 aks=None g.line=4.5 g.actual=2
replay_grades_result,live,1290002,2250860,2026-06-02,away,Freddy Peralta,WIN,,status=VOID_SCRATCH line=5.5 aks=None g.line=5.5 g.actual=0
replay_grades_result,live,1290032,2250870,2026-06-03,home,Coleman Crow,LOSS,,status=VOID_SCRATCH line=3.5 aks=None g.line=3.5 g.actual=5
replay_grades_result,live,1320018,2250879,2026-06-04,away,Trey Yesavage,WIN,,status=VOID_SCRATCH line=5.5 aks=None g.line=5.5 g.actual=1
replay_grades_result,live,1380001,2250896,2026-06-05,away,Jack Kochanowicz,LOSS,,status=VOID_SCRATCH line=3.5 aks=None g.line=3.5 g.actual=6
replay_grades_result,live,1410027,2250911,2026-06-07,away,Bubba Chandler,WIN,,status=VOID_SCRATCH line=4.5 aks=None g.line=4.5 g.actual=2
replay_grades_result,live,1410021,2250912,2026-06-07,away,David Sandlin,WIN,,status=VOID_SCRATCH line=3.5 aks=None g.line=3.5 g.actual=1
replay_grades_result,live,1410066,2250925,2026-06-08,home,Trevor Rogers,WIN,,status=VOID_SCRATCH line=4.5 aks=None g.line=4.5 g.actual=0
replay_grades_result,live,1470028,2250952,2026-06-10,away,Justin Wrobleski,LOSS,,status=VOID_SCRATCH line=4.5 aks=None g.line=4.5 g.actual=6
replay_grades_result,live,1470029,2250955,2026-06-10,home,Christian Scott,WIN,,status=VOID_SCRATCH line=5.5 aks=None g.line=5.5 g.actual=1
replay_grades_result,live,1470066,2250976,2026-06-12,away,Aaron Nola,WIN,,status=VOID_SCRATCH line=5.5 aks=None g.line=5.5 g.actual=2
replay_grades_result,live,1470103,2250980,2026-06-12,away,Kyle Freeland,WIN,,status=VOID_SCRATCH line=4.5 aks=None g.line=4.5 g.actual=2
replay_grades_result,live,1470113,2250998,2026-06-14,home,Andrew Alvarez,LOSS,,status=VOID_SCRATCH line=4.5 aks=None g.line=4.5 g.actual=0
replay_grades_result,live,1470156,2251013,2026-06-15,away,Michael King,WIN,,status=VOID_SCRATCH line=4.5 aks=None g.line=4.5 g.actual=1
replay_grades_result,live,1470145,2251016,2026-06-15,away,Framber Valdez,LOSS,,status=VOID_SCRATCH line=4.5 aks=None g.line=4.5 g.actual=5
replay_grades_result,live,1470214,2251037,2026-06-17,away,Griffin Canning,WIN,,status=VOID_SCRATCH line=3.5 aks=None g.line=3.5 g.actual=1
replay_grades_result,live,1470200,2251039,2026-06-17,away,Trey Yesavage,WIN,,status=VOID_SCRATCH line=4.5 aks=None g.line=4.5 g.actual=0
replay_grades_result,live,1470225,2251051,2026-06-18,away,Erick Fedde,WIN,,status=VOID_SCRATCH line=3.5 aks=None g.line=3.5 g.actual=2
replay_grades_result,live,1470235,2251056,2026-06-19,away,Erick Fedde,WIN,,status=VOID_SCRATCH line=3.5 aks=None g.line=3.5 g.actual=2
replay_grades_result,live,1470241,2251058,2026-06-19,away,Cade Cavalli,WIN,,status=VOID_SCRATCH line=4.5 aks=None g.line=4.5 g.actual=1
replay_grades_result,live,1470323,2251096,2026-06-22,away,Kumar Rocker,WIN,,status=VOID_SCRATCH line=4.5 aks=None g.line=4.5 g.actual=1
replay_grades_result,live,1470344,2251098,2026-06-22,away,Jesus Luzardo,WIN,,status=VOID_SCRATCH line=6.5 aks=None g.line=6.5 g.actual=2
replay_grades_result,live,1500032,2251108,2026-06-23,home,Griffin Jax,WIN,,status=VOID_SCRATCH line=4.5 aks=None g.line=4.5 g.actual=4
replay_grades_result,live,1500015,2251109,2026-06-23,away,Jacob deGrom,WIN,,status=VOID_SCRATCH line=6.5 aks=None g.line=6.5 g.actual=1
replay_grades_result,live,1500020,2251111,2026-06-23,away,Aaron Nola,LOSS,,status=VOID_SCRATCH line=4.5 aks=None g.line=4.5 g.actual=13
replay_grades_result,live,1500021,2251111,2026-06-23,home,Miles Mikolas,WIN,,status=VOID_SCRATCH line=3.5 aks=None g.line=3.5 g.actual=1
replay_grades_result,live,1500009,2251113,2026-06-23,away,Shota Imanaga,WIN,,status=VOID_SCRATCH line=5.5 aks=None g.line=5.5 g.actual=4
replay_grades_result,live,1500035,2251113,2026-06-23,home,Nolan McLean,WIN,,status=VOID_SCRATCH line=5.5 aks=None g.line=5.5 g.actual=6
replay_grades_result,live,1500023,2251114,2026-06-23,home,Rhett Lowder,LOSS,,status=VOID_SCRATCH line=4.5 aks=None g.line=4.5 g.actual=6
replay_grades_result,live,1500010,2251115,2026-06-23,home,Joe Ryan,WIN,,status=VOID_SCRATCH line=5.5 aks=None g.line=5.5 g.actual=4
replay_grades_result,live,1500013,2251116,2026-06-23,away,Tanner Bibee,LOSS,,status=VOID_SCRATCH line=5.5 aks=None g.line=5.5 g.actual=10
replay_grades_result,live,1500014,2251116,2026-06-23,home,Erick Fedde,LOSS,,status=VOID_SCRATCH line=3.5 aks=None g.line=3.5 g.actual=6
replay_grades_result,live,1500011,2251117,2026-06-23,away,Ranger Suarez,WIN,,status=VOID_SCRATCH line=4.5 aks=None g.line=4.5 g.actual=11
replay_grades_result,live,1500012,2251117,2026-06-23,home,Kyle Freeland,WIN,,status=VOID_SCRATCH line=4.5 aks=None g.line=4.5 g.actual=3
replay_grades_result,live,1500016,2251118,2026-06-23,away,Trey Gibson,LOSS,,status=VOID_SCRATCH line=4.5 aks=None g.line=4.5 g.actual=5
replay_grades_result,live,1500017,2251118,2026-06-23,home,Jose Soriano,LOSS,,status=VOID_SCRATCH line=6.5 aks=None g.line=6.5 g.actual=8
replay_grades_result,live,1500033,2251119,2026-06-23,away,Martin Perez,LOSS,,status=VOID_SCRATCH line=4.5 aks=None g.line=4.5 g.actual=7
replay_grades_result,live,1500034,2251119,2026-06-23,home,JP Sears,WIN,,status=VOID_SCRATCH line=3.5 aks=None g.line=3.5 g.actual=2
replay_grades_result,live,1500025,2251120,2026-06-23,away,Gage Jump,LOSS,,status=VOID_SCRATCH line=4.5 aks=None g.line=4.5 g.actual=5
replay_grades_result,live,1500026,2251120,2026-06-23,home,Tyler Mahle,LOSS,,status=VOID_SCRATCH line=4.5 aks=None g.line=4.5 g.actual=6
