state,fold,game_pk,hash_recovered,hash_committed,hash_match,p_home_recovered,p_home_committed,p_home_match_6dp,n_traj,gates
A,2021,633607,6851b8bf4c2bbb45,6851b8bf4c2bbb45,True,0.653355,0.653355,True,400000,PASS
A,2021,633630,bb8879eb2fad2612,bb8879eb2fad2612,True,0.534883,0.534883,True,400000,PASS
A,2021,633169,19ca62fd2bc3bc4c,19ca62fd2bc3bc4c,True,0.51055,0.51055,True,400000,PASS
A,2021,632261,d87f60452352d283,d87f60452352d283,True,0.381922,0.381922,True,400000,PASS
A,2021,634449,dae8bfcf49a32f21,dae8bfcf49a32f21,True,0.360198,0.360198,True,400000,PASS
A,2022,632984,73644bcce1777d28,73644bcce1777d28,True,0.460282,0.460282,True,400000,PASS
A,2022,632892,fe6271c9c9d8ec42,fe6271c9c9d8ec42,True,0.50571,0.50571,True,400000,PASS
A,2022,632452,a8f3c531baac00e6,a8f3c531baac00e6,True,0.241508,0.241508,True,400000,PASS
A,2022,634338,687fdcefb0cacfe8,687fdcefb0cacfe8,True,0.249902,0.249902,True,400000,PASS
A,2022,663003,de203da4d5dfdcf5,de203da4d5dfdcf5,True,0.432522,0.432522,True,400000,PASS
A,2023,716724,db4749fc9649ba9d,db4749fc9649ba9d,True,0.49547,0.49547,True,400000,PASS
A,2023,662102,c1c3df7ea5b535b9,c1c3df7ea5b535b9,True,0.571152,0.571152,True,400000,PASS
A,2023,717311,b0e89b1fab014f13,b0e89b1fab014f13,True,0.46326,0.46326,True,400000,PASS
A,2023,716668,bddbbc132144e376,bddbbc132144e376,True,0.660485,0.660485,True,400000,PASS
A,2023,717780,2761274b4ce41a61,2761274b4ce41a61,True,0.551283,0.551283,True,400000,PASS
A,2024,745602,6da56a47bc66ef09,6da56a47bc66ef09,True,0.49594,0.49594,True,400000,PASS
A,2024,716904,54d407189c62ccef,54d407189c62ccef,True,0.439777,0.439777,True,400000,PASS
A,2024,745838,cdd74418fa9c0009,cdd74418fa9c0009,True,0.471845,0.471845,True,400000,PASS
A,2024,716390,195ebbcffee44ca3,195ebbcffee44ca3,True,0.552455,0.552455,True,400000,PASS
A,2024,717302,e8de2decef80f09e,e8de2decef80f09e,True,0.413865,0.413865,True,400000,PASS
A,2025,777430,ce70ead8dd18634f,ce70ead8dd18634f,True,0.355893,0.355893,True,400000,PASS
A,2025,776148,7d2a99e31f6308bb,7d2a99e31f6308bb,True,0.298978,0.298978,True,400000,PASS
A,2025,776537,213f0d325832806d,213f0d325832806d,True,0.364007,0.364007,True,400000,PASS
A,2025,777534,bc5ce9355df124d6,bc5ce9355df124d6,True,0.311405,0.311405,True,400000,PASS
A,2025,745281,f0fe303834540ce5,f0fe303834540ce5,True,0.607407,0.607407,True,400000,PASS
A,2026,776315,64388a65f244c846,64388a65f244c846,True,0.427123,0.427123,True,400000,PASS
A,2026,777355,720708ba22c0d536,720708ba22c0d536,True,0.53499,0.53499,True,400000,PASS
A,2026,776657,0009c770e3bd5e6a,0009c770e3bd5e6a,True,0.35992,0.35992,True,400000,PASS
A,2026,824186,ccb5590a1bacd826,ccb5590a1bacd826,True,0.442415,0.442415,True,400000,PASS
A,2026,776660,8b6c4581a9d9e017,8b6c4581a9d9e017,True,0.201925,0.201925,True,400000,PASS
B,2021,633607,12a0f11d12914994,12a0f11d12914994,True,0.68399,0.68399,True,400000,PASS
B,2021,633630,445f27d00dcf8f6e,445f27d00dcf8f6e,True,0.709195,0.709195,True,400000,PASS
B,2021,633169,51755fee31c9d03d,51755fee31c9d03d,True,0.492308,0.492308,True,400000,PASS
B,2021,632261,ae24ee70b2697abd,ae24ee70b2697abd,True,0.304598,0.304598,True,400000,PASS
B,2021,634449,6d3d35e6e7528f09,6d3d35e6e7528f09,True,0.463865,0.463865,True,400000,PASS
B,2022,632984,fbade87429526f2f,fbade87429526f2f,True,0.438928,0.438928,True,400000,PASS
B,2022,632892,bc30349c79148576,bc30349c79148576,True,0.392342,0.392342,True,400000,PASS
B,2022,632452,7168df1a8486012b,7168df1a8486012b,True,0.296907,0.296907,True,400000,PASS
B,2022,634338,9e55af6aa520a183,9e55af6aa520a183,True,0.4257,0.4257,True,400000,PASS
B,2022,663003,b9a074600fe5c3d1,b9a074600fe5c3d1,True,0.40989,0.40989,True,400000,PASS
B,2023,716724,114acfc6cc6e6579,114acfc6cc6e6579,True,0.49265,0.49265,True,400000,PASS
B,2023,662102,57936160aadb072a,57936160aadb072a,True,0.575852,0.575852,True,400000,PASS
B,2023,717311,0d6b21859bc28d85,0d6b21859bc28d85,True,0.469465,0.469465,True,400000,PASS
B,2023,716668,0308c0e339d6e350,0308c0e339d6e350,True,0.689823,0.689823,True,400000,PASS
B,2023,717780,c368c14bc9763a7a,c368c14bc9763a7a,True,0.560775,0.560775,True,400000,PASS
B,2024,745602,ce0d72f832522455,ce0d72f832522455,True,0.465238,0.465238,True,400000,PASS
B,2024,716904,bcf89d0a638e9daf,bcf89d0a638e9daf,True,0.564545,0.564545,True,400000,PASS
B,2024,745838,02803eb49ceddcc8,02803eb49ceddcc8,True,0.460533,0.460533,True,400000,PASS
B,2024,716390,74a065c53c993533,74a065c53c993533,True,0.377493,0.377493,True,400000,PASS
B,2024,717302,8c88535f87a418cb,8c88535f87a418cb,True,0.36491,0.36491,True,400000,PASS
B,2025,777430,af80e095f0370e5d,af80e095f0370e5d,True,0.321978,0.321978,True,400000,PASS
B,2025,776148,dd3d0822b83be74c,dd3d0822b83be74c,True,0.387188,0.387188,True,400000,PASS
B,2025,776537,b85faf8aab60fb93,b85faf8aab60fb93,True,0.37849,0.37849,True,400000,PASS
B,2025,777534,444009fe38d9432a,444009fe38d9432a,True,0.30553,0.30553,True,400000,PASS
B,2025,745281,00411c7131c34372,00411c7131c34372,True,0.475432,0.475432,True,400000,PASS
B,2026,776315,d752e6b81cf6d119,d752e6b81cf6d119,True,0.416953,0.416953,True,400000,PASS
B,2026,777355,0c279182c3c78a33,0c279182c3c78a33,True,0.588642,0.588642,True,400000,PASS
B,2026,776657,14e7f0da729ed5dc,14e7f0da729ed5dc,True,0.487428,0.487428,True,400000,PASS
B,2026,824186,75b4b8d88e72d582,75b4b8d88e72d582,True,0.448927,0.448927,True,400000,PASS
B,2026,776660,0972215a626040c9,0972215a626040c9,True,0.197032,0.197032,True,400000,PASS
C,2021,633607,5e4c61ed68c94c8f,5e4c61ed68c94c8f,True,0.721877,0.721877,True,400000,PASS
C,2021,633630,2ee7bad6b79d4007,2ee7bad6b79d4007,True,0.717093,0.717093,True,400000,PASS
C,2021,633169,ea3a378186abe87e,ea3a378186abe87e,True,0.47969,0.47969,True,400000,PASS
C,2021,632261,15f1b93e4e6cd9b3,15f1b93e4e6cd9b3,True,0.305963,0.305963,True,400000,PASS
C,2021,634449,40975fbf0801b3ea,40975fbf0801b3ea,True,0.489805,0.489805,True,400000,PASS
C,2022,632984,344d48851302915a,344d48851302915a,True,0.42378,0.42378,True,400000,PASS
C,2022,632892,7a44b4813f17a175,7a44b4813f17a175,True,0.381925,0.381925,True,400000,PASS
C,2022,632452,3f10ef9445f860b9,3f10ef9445f860b9,True,0.32698,0.32698,True,400000,PASS
C,2022,634338,a0dcca72461c5388,a0dcca72461c5388,True,0.433497,0.433497,True,400000,PASS
C,2022,663003,67f7886980903d56,67f7886980903d56,True,0.39127,0.39127,True,400000,PASS
C,2023,716724,21904ccfb9ff69a4,21904ccfb9ff69a4,True,0.510323,0.510323,True,400000,PASS
C,2023,662102,aa7194567ac05be9,aa7194567ac05be9,True,0.545585,0.545585,True,400000,PASS
C,2023,717311,089c75af4a50b49b,089c75af4a50b49b,True,0.453135,0.453135,True,400000,PASS
C,2023,716668,f1bdbc67de32b4ad,f1bdbc67de32b4ad,True,0.652393,0.652393,True,400000,PASS
C,2023,717780,4b17b7ab9fc75820,4b17b7ab9fc75820,True,0.575565,0.575565,True,400000,PASS
C,2024,745602,f919737a2ee1b8a5,f919737a2ee1b8a5,True,0.431437,0.431437,True,400000,PASS
C,2024,716904,6855d1522a3c128f,6855d1522a3c128f,True,0.572277,0.572277,True,400000,PASS
C,2024,745838,a87a187deea4431d,a87a187deea4431d,True,0.46039,0.46039,True,400000,PASS
C,2024,716390,b0ba339818c029fc,b0ba339818c029fc,True,0.361055,0.361055,True,400000,PASS
C,2024,717302,489864af634b5c17,489864af634b5c17,True,0.366187,0.366187,True,400000,PASS
C,2025,777430,818aa48c39a702d5,818aa48c39a702d5,True,0.364812,0.364812,True,400000,PASS
C,2025,776148,0eccdff73c134349,0eccdff73c134349,True,0.38748,0.38748,True,400000,PASS
C,2025,776537,4e7772c401fa4d1f,4e7772c401fa4d1f,True,0.394078,0.394078,True,400000,PASS
C,2025,777534,82a0d7d60eb852d8,82a0d7d60eb852d8,True,0.33877,0.33877,True,400000,PASS
C,2025,745281,9ecc2336524bb41f,9ecc2336524bb41f,True,0.475973,0.475973,True,400000,PASS
C,2026,776315,eb0a614c0d17c902,eb0a614c0d17c902,True,0.404905,0.404905,True,400000,PASS
C,2026,777355,80a6c9122374c650,80a6c9122374c650,True,0.588117,0.588117,True,400000,PASS
C,2026,776657,e665c22c9fb67778,e665c22c9fb67778,True,0.47118,0.47118,True,400000,PASS
C,2026,824186,6bc31564fe10a6af,6bc31564fe10a6af,True,0.440368,0.440368,True,400000,PASS
C,2026,776660,bb62a6d59587f64c,bb62a6d59587f64c,True,0.187665,0.187665,True,400000,PASS
