rank,score,driver,gameId,gameDate,awayTeam,homeTeam,venue,parkFactor3yr,totalLineUsed,actualF5,p2_projF5Total,p1_condAway,p1_pF5AwayRl,awayCover,outcome,awayStarterOutsGame,homeStarterOutsGame,matchupAsofIp,ml3_z,rl_z,tot_z,tags
1,7.11,total,2250461,2026-05-02,CIN,PIT,PNC Park,1.051,8.0,4-15,5.02,0.544,0.6158,0,home,4,17,5.07,-0.00,1.44,5.67,EARLY_KO|F5_BLOWUP|MISS_OVER4+
2,6.52,total,2251286,2026-07-07,KC,NYM,Citi Field,1.024,8.5,9-9,5.38,0.499,0.5733,1,tie,13,3,3.33,2.21,-0.68,5.00,EARLY_KO|F5_BLOWUP|TIE|SHORT_DEPTH|MISS_OVER4+
3,6.06,total,2250228,2026-04-13,BOS,MIN,Target Field,1.039,7.5,3-13,4.531,0.550,0.625,0,home,5,18,5.17,0.06,1.57,4.43,EARLY_KO|F5_BLOWUP|MISS_OVER4+
4,5.65,total,2251150,2026-06-26,KC,CWS,Rate Field,0.953,9.0,1-13,4.693,0.584,0.6516,0,home,4,18,,0.36,1.93,3.36,EARLY_KO|F5_BLOWUP|FAV58_LOST|NO_PRIOR_START|MISS_OVER4+
5,5.64,total,2250372,2026-04-25,SEA,STL,Busch Stadium,0.927,7.5,6-7,3.993,0.584,0.6603,0,home,9,10,5.90,0.37,2.06,3.21,F5_BLOWUP|FAV58_LOST|MISS_OVER4+
6,5.50,total,2251348,2026-07-12,MIL,PIT,PNC Park,1.051,8.5,2-14,4.864,0.532,0.6073,0,home,9,16,5.42,-0.10,1.33,4.26,F5_BLOWUP|MISS_OVER4+
7,5.22,total,2251239,2026-07-03,SF,COL,Coors Field,1.264,11.5,2-14,5.756,0.548,0.6108,0,home,9,18,5.64,0.02,1.38,3.82,F5_BLOWUP|HIGH_PARK|HIGH_LINE|MISS_OVER4+
8,5.21,total,2251006,2026-06-14,COL,ATH,Sutter Health Park,1.248,14.0,14-8,6.383,0.517,0.579,1,away,15,12,5.31,-0.53,-0.73,6.48,F5_BLOWUP|HIGH_PARK|HIGH_LINE|MISS_OVER4+
9,4.98,total,2251275,2026-07-06,HOU,WSH,Nationals Park,1.153,10.0,6-12,6.11,0.495,0.5628,0,home,13,18,5.08,-0.43,0.77,4.64,F5_BLOWUP|HIGH_PARK|HIGH_LINE|MISS_OVER4+
10,4.93,total,2251087,2026-06-21,STL,KC,Kauffman Stadium,0.998,9.0,12-7,4.229,0.498,0.5875,1,away,6,5,6.06,-0.32,-0.81,6.06,EARLY_KO|F5_BLOWUP|MISS_OVER4+
11,4.87,rl,2252864,2026-05-09,NYM,ARI,Chase Field,1.080,9.5,1-2,6.29,0.691,0.7291,0,home,17,21,5.42,1.40,3.09,0.38,FAV58_LOST|HIGH_PARK
12,4.79,total,2251215,2026-07-01,SD,CHC,Wrigley Field,1.005,12.0,2-13,5.06,0.528,0.6012,0,home,12,15,5.03,-0.14,1.25,3.67,F5_BLOWUP|HIGH_LINE|MISS_OVER4+
13,4.68,total,2250208,2026-04-11,HOU,SEA,T-Mobile Park,0.841,7.5,7-7,3.794,0.520,0.6127,1,tie,13,10,5.17,1.90,-1.03,3.80,F5_BLOWUP|TIE|LOW_PARK|MISS_OVER4+
14,4.46,total,2250384,2026-04-25,CHC,LAD,Dodger Stadium,1.001,9.5,4-8,5.156,0.590,0.6509,0,home,10,15,5.12,0.40,1.92,2.14,F5_BLOWUP|FAV58_LOST|MISS_OVER4+
15,4.46,total,2250679,2026-05-19,NYM,WSH,Nationals Park,1.153,8.5,5-9,5.165,0.539,0.6106,0,home,17,15,5.74,-0.04,1.38,3.13,F5_BLOWUP|HIGH_PARK|MISS_OVER4+
16,4.41,ml,2250045,2026-03-29,LAA,HOU,Daikin Park,0.991,9.0,6-6,5.165,0.415,0.5024,1,tie,12,8,,2.25,0.03,2.14,EARLY_KO|F5_BLOWUP|TIE|NO_PRIOR_START|MISS_OVER4+
17,4.33,total,2250815,2026-05-30,MIN,PIT,PNC Park,1.051,8.5,7-8,4.766,0.491,0.5755,0,home,14,12,5.74,-0.42,0.93,3.82,F5_BLOWUP|MISS_OVER4+
18,4.25,total,2251347,2026-07-11,TOR,SD,Petco Park,0.894,8.0,4-7,4.35,0.576,0.65,0,home,5,6,5.24,0.29,1.91,2.04,EARLY_KO|F5_BLOWUP|LOW_PARK|MISS_OVER4+
19,4.24,total,2250903,2026-06-06,ATH,HOU,Daikin Park,0.991,9.5,2-13,4.851,0.491,0.5726,0,home,12,15,,-0.43,0.89,3.78,F5_BLOWUP|NO_PRIOR_START|MISS_OVER4+
20,4.20,total,2250932,2026-06-08,MIL,ATH,Sutter Health Park,1.248,11.0,5-8,5.581,0.566,0.6274,0,home,7,15,5.30,0.17,1.60,2.42,EARLY_KO|F5_BLOWUP|HIGH_PARK|HIGH_LINE|MISS_OVER4+
21,4.18,total,2250007,2026-03-26,PIT,NYM,Citi Field,1.024,7.0,4-9,4.208,0.518,0.6028,0,home,2,15,,-0.20,1.27,3.10,EARLY_KO|F5_BLOWUP|NO_PRIOR_START|MISS_OVER4+
22,4.16,total,2251263,2026-07-05,CWS,CLE,Progressive Field,0.921,8.0,6-6,4.133,0.451,0.5512,1,tie,2,12,3.51,1.98,-0.47,2.65,EARLY_KO|F5_BLOWUP|TIE|SHORT_DEPTH|MISS_OVER4+
23,3.91,rl,2251315,2026-07-09,SEA,MIA,loanDepot park,0.959,8.0,2-6,4.267,0.628,0.6933,0,home,15,15,5.71,0.77,2.54,0.60,FAV58_LOST
24,3.91,rl,2251273,2026-07-06,PHI,KC,Kauffman Stadium,0.998,8.5,1-10,4.98,0.581,0.6459,0,home,10,15,5.86,0.32,1.85,1.73,F5_BLOWUP|FAV58_LOST|MISS_OVER4+
25,3.90,total,2250597,2026-05-13,WSH,CIN,Great American Ball Park,0.990,9.5,6-6,4.693,0.470,0.5589,1,tie,9,12,5.15,2.07,-0.55,2.37,F5_BLOWUP|TIE|MISS_OVER4+
26,3.82,total,2250966,2026-06-11,SEA,BAL,Oriole Park at Camden Yards,1.045,8.5,5-7,4.931,0.551,0.621,0,home,15,12,5.63,0.06,1.51,2.25,F5_BLOWUP|MISS_OVER4+
27,3.81,total,2250728,2026-05-23,CWS,SF,Oracle Park,0.941,9.0,3-9,4.513,0.534,0.614,0,home,4,14,3.17,-0.07,1.42,2.46,EARLY_KO|F5_BLOWUP|SHORT_DEPTH|MISS_OVER4+
28,3.68,total,2252987,2026-05-18,SF,ARI,Chase Field,1.080,9.0,2-12,5.822,0.521,0.5886,0,home,13,18,5.19,-0.21,1.09,2.80,F5_BLOWUP|HIGH_PARK|MISS_OVER4+
29,3.65,ml,2250332,2026-04-21,SD,COL,Coors Field,1.264,11.0,0-0,5.461,0.432,0.5131,1,tie,21,3,3.21,2.28,-0.09,1.46,EARLY_KO|F5_DEAD|TIE|HIGH_PARK|SHORT_DEPTH|HIGH_LINE
30,3.56,ml,2253025,2026-05-21,COL,ARI,Chase Field,1.080,9.5,0-0,5.511,0.440,0.5214,1,tie,15,21,,2.25,-0.17,1.48,F5_DEAD|TIE|HIGH_PARK|NO_PRIOR_START
31,3.55,total,2250107,2026-04-04,STL,DET,Comerica Park,0.935,7.5,6-8,4.508,0.468,0.5567,0,home,10,12,4.17,-0.60,0.70,3.45,F5_BLOWUP|SHORT_DEPTH|MISS_OVER4+
32,3.51,ml,2251420,2026-07-22,PIT,NYY,Yankee Stadium,1.018,9.0,0-0,4.864,0.397,0.4917,1,tie,19,15,5.56,2.21,0.14,1.16,F5_DEAD|TIE
33,3.49,total,2250747,2026-05-24,CWS,SF,Oracle Park,0.941,8.0,4-8,4.537,0.518,0.6006,0,home,12,12,5.21,-0.20,1.25,2.45,F5_BLOWUP|MISS_OVER4+
34,3.48,ml,2250616,2026-05-14,PHI,BOS,Fenway Park,0.954,7.0,0-0,4.626,0.378,0.4813,1,tie,18,16,5.51,2.18,0.26,1.04,F5_DEAD|TIE
35,3.47,ml,2251429,2026-07-21,WSH,COL,Coors Field,1.264,13.0,6-6,7.655,0.437,0.4991,1,tie,5,11,3.62,2.51,0.06,0.90,EARLY_KO|F5_BLOWUP|TIE|HIGH_PARK|SHORT_DEPTH|HIGH_LINE|MISS_OVER4+
36,3.46,ml,2250494,2026-05-04,NYM,COL,Coors Field,1.264,10.5,0-0,6.091,0.497,0.5652,1,tie,3,16,,2.30,-0.61,1.77,EARLY_KO|F5_DEAD|TIE|HIGH_PARK|NO_PRIOR_START|HIGH_LINE
37,3.44,ml,2250271,2026-04-17,BAL,CLE,Progressive Field,0.921,8.0,0-0,5.548,0.461,0.5367,1,tie,15,18,4.12,2.28,-0.33,1.50,F5_DEAD|TIE|SHORT_DEPTH
38,3.40,total,2251404,2026-07-20,MIN,CLE,Progressive Field,0.921,7.5,2-9,4.202,0.528,0.6123,0,home,12,18,5.58,-0.11,1.40,2.12,F5_BLOWUP|MISS_OVER4+
39,3.40,ml,2251104,2026-06-22,BOS,COL,Coors Field,1.264,12.0,0-0,6.064,0.507,0.5723,1,tie,18,18,4.86,2.32,-0.67,1.75,F5_DEAD|TIE|HIGH_PARK|HIGH_LINE
40,3.39,total,2251053,2026-06-18,STL,KC,Kauffman Stadium,0.998,9.0,4-11,4.842,0.444,0.5312,0,home,5,15,5.22,-0.79,0.40,3.78,EARLY_KO|F5_BLOWUP|MISS_OVER4+
41,3.39,total,2250663,2026-05-18,BAL,TB,George M. Steinbrenner Field,0.985,7.5,4-12,4.69,0.404,0.5029,0,home,11,15,4.93,-1.04,0.08,4.35,F5_BLOWUP|MISS_OVER4+
42,3.35,total,2251042,2026-06-17,CLE,MIL,American Family Field,0.952,7.5,4-7,4.644,0.542,0.6172,0,home,15,11,5.49,-0.01,1.46,1.90,F5_BLOWUP|MISS_OVER4+
43,3.32,rl,2250975,2026-06-12,LAD,CWS,Rate Field,0.953,9.0,2-8,4.572,0.563,0.6357,0,home,13,15,5.11,0.17,1.71,1.44,F5_BLOWUP|MISS_OVER4+
44,3.25,total,2251232,2026-07-02,SD,LAD,Dodger Stadium,1.001,9.5,6-10,5.503,0.431,0.5134,0,home,9,9,5.16,-0.90,0.20,3.95,F5_BLOWUP|MISS_OVER4+
45,3.22,rl,2250355,2026-04-23,NYY,BOS,Fenway Park,0.954,7.5,1-2,4.455,0.651,0.7081,0,home,24,18,,0.98,2.76,-0.53,FAV58_LOST|NO_PRIOR_START
46,3.19,total,3270003,2026-04-30,HOU,BAL,Oriole Park at Camden Yards,1.045,8.5,11-3,5.08,0.434,0.5197,1,away,18,12,5.20,0.18,-0.16,3.17,F5_BLOWUP|MISS_OVER4+
47,3.19,ml,2251372,2026-07-17,CIN,COL,Coors Field,1.264,12.0,1-1,6.547,0.456,0.5242,1,tie,21,16,5.49,2.39,-0.20,1.00,TIE|HIGH_PARK|HIGH_LINE
48,3.17,rl,2250860,2026-06-02,NYM,SEA,T-Mobile Park,0.841,7.5,2-7,3.598,0.542,0.6352,0,home,5,16,3.39,0.04,1.71,1.43,EARLY_KO|LOW_PARK|SHORT_DEPTH|MISS_OVER4+
49,3.16,total,2250133,2026-04-05,SEA,LAA,Angel Stadium,0.977,9.0,5-6,4.551,0.529,0.6071,0,home,11,8,,-0.11,1.33,1.94,EARLY_KO|F5_BLOWUP|NO_PRIOR_START|MISS_OVER4+
50,3.15,total,2253424,2026-06-20,MIN,ARI,Chase Field,1.080,9.0,16-2,5.906,0.536,0.599,1,away,15,12,5.28,-0.67,-0.91,4.74,F5_BLOWUP|HIGH_PARK|MISS_OVER4+
