state,market,fold,n,logloss,logloss_raw,brier,auc,ece,cal_slope,cal_intercept,sharpness,head,mc_se_mean,crps,mae,bias,calib_shift,bias_post_shift,cov50,cov90,tail_pred,tail_obs,var_pred,var_obs
A,fg_ml,2021,2422,0.6778131625148672,0.679732217657574,0.24242844713798054,0.5960095259266578,0.019620284987733955,1.4358176845361366,-0.11238620819189282,0.057480558968106936,platt_calib,0.0007706354586216596,,,,,,,,,,,
A,fg_ml,2022,2421,0.6766681178139095,0.6782405915005149,0.24184537041042797,0.5987195218085726,0.008730095654394823,1.0776697079363866,-0.02868602621544146,0.07815824308389303,platt_calib,0.0007732341210274132,,,,,,,,,,,
A,fg_ml,2023,2427,0.6837195928749618,0.6854318339641593,0.2453426767885716,0.577138707285381,0.02080956889816875,0.8278752448220121,-0.00880605054230431,0.0797917102592262,platt_calib,0.0007750091523752619,,,,,,,,,,,
A,fg_ml,2024,2425,0.6847306187239425,0.6866797741385283,0.24582737385563777,0.5696498953324829,0.006018890339410505,0.9921489412109381,0.0015314320482032804,0.06147315368406,platt_calib,0.0007774891597358126,,,,,,,,,,,
A,fg_ml,2025,2425,0.6839062826331604,0.6880531794008672,0.24546402440335105,0.5559834050146789,0.03223087532758491,0.9746564342409761,0.11470690863798337,0.06096439968469346,platt_calib,0.0007782838028649487,,,,,,,,,,,
A,fg_ml,2026,1595,0.6910958606096844,0.6942318217064469,0.24894126670681876,0.5442206875693114,0.02256548949792303,0.6828473133360398,-0.03744889957120652,0.054155948250813254,platt_calib,0.0007802349270363274,,,,,,,,,,,
A,fg_rl,2021,2304,0.6483859326884753,0.6462787477585721,0.2280981223376478,0.5995953257449482,0.04349851238036681,2.1947850899973167,0.4516991884013487,0.03859497043965093,platt_calib,0.000770525536607391,,,,,,,,,,,
A,fg_rl,2022,2421,0.6404248859593688,0.6425275219094353,0.22448820407277,0.598847066174685,0.00835281352558174,1.0199636131421295,-0.0031738202138951333,0.07617391466926815,platt_calib,0.0007732341210274132,,,,,,,,,,,
A,fg_rl,2023,2427,0.6415253799054996,0.6435405935176268,0.22480883335267768,0.5932348533504603,0.01475327986592896,0.9470733827478134,-0.0198903981596608,0.07465429389725252,platt_calib,0.0007750091523752619,,,,,,,,,,,
A,fg_rl,2024,2425,0.6405154231516383,0.6422995140095751,0.22436203263241178,0.578859979866931,0.011945933258348362,0.9715525267912036,-0.03664334324071262,0.065531224892121,platt_calib,0.0007774891597358126,,,,,,,,,,,
A,fg_rl,2025,2425,0.6437140348788688,0.6471295203069074,0.22594093036860885,0.5655891507336595,0.011154972757289524,0.9725044209213622,0.026379297679799536,0.06127233268742871,platt_calib,0.0007782838028649487,,,,,,,,,,,
A,fg_rl,2026,1595,0.6507181910730141,0.6562681988115178,0.2292430783752861,0.5466311820575609,0.020265111434313567,0.6639622815112122,-0.18915883201299208,0.05567327794246916,platt_calib,0.0007802349270363274,,,,,,,,,,,
A,fg_total,2021,2304,,,,,,,,,,,2.4700228543091405,3.5679743467881937,0.4898271705729167,-0.5346069668789808,-0.044779796306063845,0.5755208333333334,0.9314236111111112,0.38331693359375,0.3506944444444444,21.689754224966812,20.344480726453995
A,fg_total,2022,2421,,,,,,,,,,,2.4258945547472344,3.5351539938042134,0.7373924704667494,-0.40316004774305564,0.3342324227236939,0.5572077653862041,0.9310202395704255,0.35487084097480376,0.29120198265179675,20.53095933367691,19.31843717055825
A,fg_total,2023,2427,,,,,,,,,,,2.5380000345067617,3.648967962093119,0.1293382884219201,-0.6696555142503099,-0.5403172258283901,0.5611866501854141,0.9147095179233622,0.3599880168932839,0.35640708693860734,20.763244863935228,20.980993082050254
A,fg_total,2024,2425,,,,,,,,,,,2.387163223526706,3.4507795447422684,0.4422564659793815,-0.022324389781623464,0.4199320761977583,0.5711340206185567,0.9348453608247422,0.34844642226804123,0.3150515463917526,20.364970743358022,18.587300499521735
A,fg_total,2025,2425,,,,,,,,,,,2.5220152431708263,3.662149784329896,0.44875475505154644,-0.5414915307216495,-0.09273677567010294,0.5554639175257732,0.9204123711340206,0.35838670515463916,0.32783505154639175,20.79951729157833,21.122905133382933
A,fg_total,2026,1595,,,,,,,,,,,2.4964314840358397,3.611606500940439,0.25997089592476486,-0.4216062474226805,-0.16163535149791533,0.5598746081504702,0.9297805642633229,0.35310676112852657,0.3341692789968652,20.54785267593101,20.731063570523087
A,f5_ml,2021,2070,0.6798869728866449,0.6840562130877634,0.2434504271471913,0.5877041740152851,0.029525869413412828,1.2369426670405166,-0.11967819717085518,0.05769306719171455,platt_calib,0.0007705783863396566,,,,,,,,,,,
A,f5_ml,2022,1994,0.6796450325138575,0.6825621979985964,0.24328725893258105,0.5866581518976853,0.018558130458081835,1.1036387878276088,-0.041206970649887424,0.0683049236576336,platt_calib,0.000773171382924237,,,,,,,,,,,
A,f5_ml,2023,2062,0.6839883888412059,0.6890455112291823,0.24546042418297997,0.5717757265021768,0.023883842840916637,0.831361865206258,0.005873782964526629,0.0756571705969689,platt_calib,0.0007748130550110074,,,,,,,,,,,
A,f5_ml,2024,2086,0.6823198271772691,0.6850732542653125,0.24461896432993147,0.586418190104826,0.0216190520279737,1.2540448570113705,-0.04297860223030119,0.05773526684046854,platt_calib,0.0007772631150217576,,,,,,,,,,,
A,f5_ml,2025,2039,0.6840791881570214,0.6844654892581568,0.24551168534143541,0.5664165717429543,0.033764076335167786,0.8930568016375684,0.1319781733327107,0.06967335920088688,platt_calib,0.0007779772556244667,,,,,,,,,,,
A,f5_ml,2026,1345,0.6899837966748019,0.6945237231962644,0.24836745937151072,0.5380114751623132,0.016734381512306315,0.6006341331665145,0.023639018249780475,0.056405564064218726,platt_calib,0.0007799820872828859,,,,,,,,,,,
A,f5_rl,2021,2422,0.683933551844291,0.6868853763773498,0.24540550241054412,0.5749795254004968,0.03246097476647698,1.482092506671981,-0.0002544578088288698,0.04222765232615749,platt_calib,0.0007706354586216596,,,,,,,,,,,
A,f5_rl,2022,2421,0.677842147643853,0.6785368805221194,0.24246742478797212,0.5774259224109386,0.01955874786633702,1.1274854804383794,-0.06182200491513224,0.05881399458559794,platt_calib,0.0007732341210274132,,,,,,,,,,,
A,f5_rl,2023,2427,0.683278472771266,0.6858087473645561,0.24507064436093928,0.5557912737711785,0.018400006358002582,0.7497637475450435,-0.023272308651974723,0.06527574445066248,platt_calib,0.0007750091523752619,,,,,,,,,,,
A,f5_rl,2024,2425,0.6810280567900244,0.6817978681153757,0.24398572045296898,0.5708549418804595,0.0077494649008196265,1.3002184231322356,0.07217110686060284,0.04515584634204566,platt_calib,0.0007774891597358126,,,,,,,,,,,
A,f5_rl,2025,2425,0.6848582458009561,0.6874126349134337,0.24585982000094506,0.5510545438585182,0.01569102232484213,0.8638290410029678,0.03308941314627697,0.05609265442338578,platt_calib,0.0007782838028649487,,,,,,,,,,,
A,f5_rl,2026,1595,0.6855949295975504,0.6886651893724006,0.24625437681107384,0.5419200971139118,0.012978758880251053,0.8025522372498832,-0.06315743170275798,0.04440949772150117,platt_calib,0.0007802349270363274,,,,,,,,,,,
A,f5_total,2021,2422,,,,,,,,,,,1.825819736164314,2.6088085842279103,0.05756507555739076,0.00671041071428548,0.06427548627167644,0.55532617671346,0.902559867877787,0.292041377374071,0.2943848059454996,8.765124753821631,11.255215745291066
A,f5_total,2022,2421,,,,,,,,,,,1.815367639871934,2.6239241288723667,0.19364189756299063,-0.04938345169281603,0.1442584458701744,0.513424204874019,0.8888888888888888,0.268290058653449,0.27344072697232547,8.301596067188756,10.898074315661136
A,f5_total,2023,2427,,,,,,,,,,,1.9421551792529423,2.751098090234858,-0.17494260939431386,-0.17789812804626198,-0.3528407374405762,0.5010300782859497,0.880922950144211,0.2744145916769674,0.31479192418623814,8.424848276079366,12.291058445122507
A,f5_total,2024,2425,,,,,,,,,,,1.7820953914693753,2.5570610041237116,0.029158447422680485,0.23297191512154913,0.2621303625442297,0.5364948453608247,0.8960824742268041,0.2636125707216495,0.27628865979381445,8.233903392469768,10.401483515782761
A,f5_total,2025,2425,,,,,,,,,,,1.8240673239179002,2.6194535558762886,0.036371622680412524,-0.09112659298969082,-0.05475497030927863,0.5249484536082474,0.8993814432989691,0.27220052742268047,0.2861855670103093,8.407477127644272,11.071337485386332
A,f5_total,2026,1595,,,,,,,,,,,1.7852326379625967,2.557241698432602,-0.05088879435736665,-0.013013596701031013,-0.06390239105839739,0.5379310344827586,0.8984326018808777,0.2661040426332289,0.2984326018808777,8.276360797439107,10.70695295840253
A,nrfi,2021,2422,0.6923353676371883,0.7379099579061396,0.24958572026192918,0.5302136692688303,0.014489457584783996,0.7078780963178504,-0.04171132986782885,0.03696456720740186,platt_calib,0.0007706354586216596,,,,,,,,,,,
A,nrfi,2022,2421,0.6937520773776504,0.7374464561622652,0.2502999085030102,0.5037383912036246,0.01094151438385013,0.15373338650738885,0.06908773779610862,0.027307771681613243,platt_calib,0.0007732341210274132,,,,,,,,,,,
A,nrfi,2023,2427,0.693320720744049,0.7283815921668456,0.2500867170901783,0.5190510953862034,0.019818637549455558,2.2492454486115,-0.16504570337718064,0.009251105200992434,platt_calib,0.0007750091523752619,,,,,,,,,,,
A,nrfi,2024,2425,0.6926225164703638,0.7402632236503248,0.2497379943740125,0.5178710998882267,0.034133845727854904,0.8601513100184714,0.1367865364638081,0.021622675283400415,platt_calib,0.0007774891597358126,,,,,,,,,,,
A,nrfi,2025,2425,0.6952128276156855,0.7224930035669741,0.2510284055118357,0.5208039991130011,0.03771476057184426,0.9278558891145308,-0.1360821862648248,0.018555791775622877,platt_calib,0.0007782838028649487,,,,,,,,,,,
A,nrfi,2026,1595,0.6917832705868316,0.7167899383619148,0.2493200936415047,0.5256076921383025,0.005441308409329861,1.2866028002827063,-0.0169378507145895,0.019829080476584264,platt_calib,0.0007802349270363274,,,,,,,,,,,
B,fg_ml,2021,2422,0.6745313752716038,0.6782485017451496,0.24084810359785672,0.6014030227184157,0.011835190892463753,1.1747723330793516,-0.0499525157847933,0.07561510735255124,platt_calib,0.0007643819489185123,,,,,,,,,,,
B,fg_ml,2022,2421,0.6710289603886479,0.6712329581002333,0.2390429985913425,0.6201514227154638,0.019750841278172775,1.228455531184367,-0.05838059434105921,0.08259434093358287,platt_calib,0.0007677418943729632,,,,,,,,,,,
B,fg_ml,2023,2427,0.6811250273878902,0.6830034322579666,0.2441269486673346,0.5843448327471377,0.0225528620533887,0.7895175259031575,-0.008408137599315945,0.09608812301764855,platt_calib,0.0007697133308466141,,,,,,,,,,,
B,fg_ml,2024,2425,0.6821790849535422,0.6846293101142896,0.2445737223439835,0.5798471418135828,0.007086505156438333,1.0012127072673815,-0.003978257982190013,0.07038359556662989,platt_calib,0.000773021439000641,,,,,,,,,,,
B,fg_ml,2025,2425,0.6828829134792098,0.68740986368923,0.24495728688085622,0.5663199783996558,0.028063550317636462,0.9462358160911123,0.11616562497437401,0.06715522983115374,platt_calib,0.0007752264574550187,,,,,,,,,,,
B,fg_ml,2026,1595,0.6876816407454457,0.691245085627133,0.24729254472762774,0.5549710467285008,0.021843035517817452,0.8202134298752501,-0.05638299797155112,0.06430610809316833,platt_calib,0.0007758162837800135,,,,,,,,,,,
B,fg_rl,2021,2304,0.6443936574767687,0.6453692671040248,0.2262519934035615,0.6045273438734473,0.02959014259474423,1.5561402887480322,0.17860030561198342,0.056950953565422506,platt_calib,0.0007643331004199651,,,,,,,,,,,
B,fg_rl,2022,2421,0.6350523720006814,0.6357386170679913,0.22187658050347256,0.6195014836443755,0.02657563351949011,1.1930570789024335,0.08333581212602342,0.07900969360491074,platt_calib,0.0007677418943729632,,,,,,,,,,,
B,fg_rl,2023,2427,0.6345116986947756,0.6358791738983098,0.22172396143842515,0.6117814246377132,0.01102876763852595,1.008399524855782,0.012726465618339237,0.08946002987818108,platt_calib,0.0007697133308466141,,,,,,,,,,,
B,fg_rl,2024,2425,0.6370805804921651,0.6386178135880207,0.22285727147894033,0.592885372551122,0.006950946558351527,0.9062853366453514,-0.07703066285250634,0.08280945450640453,platt_calib,0.000773021439000641,,,,,,,,,,,
B,fg_rl,2025,2425,0.6425464768036537,0.6460270310113648,0.22536105863769437,0.5731803023566029,0.02437947707798293,0.9041407485448366,-0.01341798487238779,0.07073584634677804,platt_calib,0.0007752264574550187,,,,,,,,,,,
B,fg_rl,2026,1595,0.6456948233293269,0.6506806295586984,0.22708766278369982,0.5638287517545927,0.019935978731864736,0.8876338560829041,-0.053255345996647205,0.0650900385718293,platt_calib,0.0007758162837800135,,,,,,,,,,,
B,fg_total,2021,2304,,,,,,,,,,,2.4547360516907304,3.5372704926215275,0.41965032508680555,-0.4857208866242039,-0.0660705615373984,0.5772569444444444,0.9340277777777778,0.3772775776909722,0.3506944444444444,21.38467099410818,20.344480726453995
B,fg_total,2022,2421,,,,,,,,,,,2.407969253277174,3.4995217761255675,0.6896259256505577,-0.34344908550347225,0.3461768401470853,0.5621643948781495,0.9285419248244527,0.3506328401486989,0.29120198265179675,20.299367775583335,19.31843717055825
B,fg_total,2023,2427,,,,,,,,,,,2.5267078862983157,3.625060972805933,0.05365947795632476,-0.6382670016522098,-0.5846075236958851,0.5591264936135146,0.9134734239802225,0.3533712715286362,0.35640708693860734,20.416325365603715,20.980993082050254
B,fg_total,2024,2425,,,,,,,,,,,2.3746595912714725,3.4207855410309276,0.36989934226804133,0.029033979810465484,0.39893332207850707,0.5756701030927835,0.9356701030927835,0.3421839278350515,0.3150515463917526,20.01996352731402,18.587300499521735
B,fg_total,2025,2425,,,,,,,,,,,2.5076399464154786,3.631120680824742,0.3673997851546393,-0.4817829187628867,-0.11438313360824783,0.5534020618556701,0.9183505154639175,0.3513124305154639,0.32783505154639175,20.41998985377045,21.122905133382933
B,fg_total,2026,1595,,,,,,,,,,,2.4933480124249865,3.596245685893417,0.20614201065830728,-0.33514125896907226,-0.1289992483107648,0.5542319749216301,0.9253918495297806,0.34835700250783697,0.3341692789968652,20.26245699072817,20.731063570523087
B,f5_ml,2021,2070,0.6709775491484241,0.6733236152033322,0.2391019905013044,0.6196543209876543,0.03201637655671308,1.456344507686778,-0.14357387443489836,0.06985176594152381,platt_calib,0.0007643424247432105,,,,,,,,,,,
B,f5_ml,2022,1994,0.6670344450787467,0.6682982975895657,0.23702598012822554,0.6316254283066893,0.024032839896911372,1.1768452658231752,-0.05820502474552496,0.09377679077391243,platt_calib,0.0007676836003454364,,,,,,,,,,,
B,f5_ml,2023,2062,0.6779678194322016,0.683024181122697,0.2425262000864703,0.5957926314448915,0.020336990821524566,0.7919351650669855,0.010729884413713609,0.10563650310936576,platt_calib,0.0007693817350788424,,,,,,,,,,,
B,f5_ml,2024,2086,0.6782410435954154,0.6831005315434364,0.24259909436950253,0.599051639604635,0.01179156357092107,1.052672214377088,-0.027959694646970346,0.0794581116184969,platt_calib,0.0007726349386294948,,,,,,,,,,,
B,f5_ml,2025,2039,0.6786704075077239,0.6795287711723478,0.24288549562558523,0.5886364693028338,0.03122449953723947,1.0304952528987172,0.12804813425487704,0.07849671912344118,platt_calib,0.0007748732444481342,,,,,,,,,,,
B,f5_ml,2026,1345,0.6876961377533621,0.6940706791289395,0.2472237459279179,0.5564121466191791,0.024699475181043366,0.6268561765302555,0.023012126800126292,0.08068324627662163,platt_calib,0.0007754801124466708,,,,,,,,,,,
B,f5_rl,2021,2422,0.6767863085457552,0.678644174215993,0.24188206224914596,0.6041888117878865,0.0366840872101377,1.4678353640019044,0.020113830925150705,0.060390102240611365,platt_calib,0.0007643819489185123,,,,,,,,,,,
B,f5_rl,2022,2421,0.6697713538817511,0.669720712807614,0.23848738143545234,0.6108088093690988,0.027219161828226444,1.1371913318534401,-0.06635304028877959,0.08122961740792899,platt_calib,0.0007677418943729632,,,,,,,,,,,
B,f5_rl,2023,2427,0.6779746434474365,0.680256850306371,0.24247239287011027,0.5805074618665311,0.014034398237972735,0.8007593144009927,-0.007044728497938052,0.08750825068052424,platt_calib,0.0007697133308466141,,,,,,,,,,,
B,f5_rl,2024,2425,0.6770118706778447,0.6788621388629684,0.24199907704296428,0.5863302152830319,0.014842536079397915,1.091676230611275,0.025440861160707692,0.06636644588184452,platt_calib,0.000773021439000641,,,,,,,,,,,
B,f5_rl,2025,2425,0.6821468814622925,0.6855072848904347,0.24451630190090173,0.5654435091752243,0.02088969935231249,0.8930510885688062,0.03904048545061884,0.06746828652600097,platt_calib,0.0007752264574550187,,,,,,,,,,,
B,f5_rl,2026,1595,0.6834134391310765,0.688226425969372,0.24520235878487967,0.5526618935941681,0.01818425660213103,0.7948727814501032,-0.057435941490669884,0.06127893800228851,platt_calib,0.0007758162837800135,,,,,,,,,,,
B,f5_total,2021,2422,,,,,,,,,,,1.8066787404329114,2.5770050945499587,0.00013123327828259916,0.05876320312499978,0.05889443640328197,0.5565648224607762,0.8988439306358381,0.2852184194880264,0.2943848059454996,8.62835279586794,11.255215745291066
B,f5_total,2022,2421,,,,,,,,,,,1.7977406933747653,2.5859456860801324,0.14170468318876506,-0.0035219310487202087,0.13818275214004502,0.5258157786038827,0.8872366790582404,0.26231747748864104,0.27344072697232547,8.175897857451323,10.898074315661136
B,f5_total,2023,2427,,,,,,,,,,,1.9355516444380367,2.7447904190358465,-0.24152063164400484,-0.13164518917802573,-0.3731658208220308,0.5088586732591677,0.8747424804285125,0.2664680523279769,0.31479192418623814,8.257021844798462,12.291058445122507
B,f5_total,2024,2425,,,,,,,,,,,1.7774411514781823,2.542870981443299,-0.02613774103092777,0.2759131709929954,0.2497754299620676,0.5451546391752577,0.8907216494845361,0.25704592907216495,0.27628865979381445,8.087473069360328,10.401483515782761
B,f5_total,2025,2425,,,,,,,,,,,1.8078676380360434,2.5939550375257734,-0.005640414845360688,-0.0494625138144331,-0.05510292865979358,0.5303092783505154,0.8969072164948454,0.2671654977319588,0.2861855670103093,8.290140201986157,11.071337485386332
B,f5_total,2026,1595,,,,,,,,,,,1.7760755371725931,2.5332561705329155,-0.09562240877742939,0.029531799175257657,-0.06609060960217146,0.5454545454545454,0.8984326018808777,0.26079931786833854,0.2984326018808777,8.153213314126747,10.70695295840253
B,nrfi,2021,2422,0.6914858824155347,0.7347366510852679,0.24916495147018883,0.5375124789290215,0.017533572427396664,0.8019539375977208,-0.04696617524964963,0.040613323199893206,platt_calib,0.0007643819489185123,,,,,,,,,,,
B,nrfi,2022,2421,0.689578399438148,0.7311515937348253,0.24821614046243098,0.5506864480329112,0.027765486144339022,1.3343448817309806,0.04288353532400345,0.031066207566861393,platt_calib,0.0007677418943729632,,,,,,,,,,,
B,nrfi,2023,2427,0.6923575708924191,0.7280728052489762,0.24959913819973342,0.5332568215464436,0.015645423192016932,0.6609706773493336,-0.043889476651299664,0.043263393834450006,platt_calib,0.0007697133308466141,,,,,,,,,,,
B,nrfi,2024,2425,0.6912878849611085,0.7374672687387788,0.24907339068168674,0.5298542846914207,0.03284311886533922,0.9629548477084764,0.13059646894054966,0.03097503355375873,platt_calib,0.000773021439000641,,,,,,,,,,,
B,nrfi,2025,2425,0.6930991243032223,0.7184596343450894,0.24998239615113355,0.5396251749850013,0.03983183671736227,1.1742922843445052,-0.16949255949482123,0.03125763612157874,platt_calib,0.0007752264574550187,,,,,,,,,,,
B,nrfi,2026,1595,0.6880822347483879,0.7090701122809749,0.24748373659480252,0.555882195650601,0.00591081399587433,1.3745178633941912,-0.035907398083798885,0.03805531973283514,platt_calib,0.0007758162837800135,,,,,,,,,,,
C,fg_ml,2021,2422,0.674590682067267,0.6774228287404312,0.24088177573733127,0.6023827852700797,0.013085346683973851,1.2114663557216876,-0.07628454836981383,0.07373726532932294,platt_calib,0.0007644924492326668,,,,,,,,,,,
C,fg_ml,2022,2421,0.671911559538861,0.6728024613196397,0.23945898440860464,0.617014662434965,0.01996633935479646,1.1554447108870856,-0.033958799591823075,0.08486330385542185,platt_calib,0.0007672187173632195,,,,,,,,,,,
C,fg_ml,2023,2427,0.6796938036793668,0.681886366241198,0.24342333360074372,0.5886297306674467,0.017380407575304423,0.84800314932599,-0.020248599585257463,0.09368080911596667,platt_calib,0.0007686851460714755,,,,,,,,,,,
C,fg_ml,2024,2425,0.6812224820206924,0.6834854748895637,0.24409209643424032,0.584987161874857,0.005285481125781908,0.9944931559817973,-0.0020637711342077316,0.07410038347758265,platt_calib,0.0007723241137338333,,,,,,,,,,,
C,fg_ml,2025,2425,0.6826808617612555,0.6872871695573335,0.24486339628813025,0.5660623093180267,0.031061611587651625,0.8993874575473946,0.11007748849380765,0.07056928573510007,platt_calib,0.0007741700501816492,,,,,,,,,,,
C,fg_ml,2026,1595,0.6875746349116276,0.6918829591347408,0.24725336992171829,0.5534398943945962,0.020672840415766332,0.8229838546660522,-0.0494849427716145,0.06364774854191763,platt_calib,0.0007751640037193269,,,,,,,,,,,
C,fg_rl,2021,2304,0.6456442355016484,0.6451537978472639,0.2268090181428572,0.6045006032839064,0.035200817560603066,1.7248719726009387,0.2317843881292404,0.05125353847650741,platt_calib,0.0007644404887287254,,,,,,,,,,,
C,fg_rl,2022,2421,0.6360720276246669,0.637288336825928,0.22233735461938856,0.6157916323641769,0.022488538456623124,1.1361042975841005,0.06538452486725291,0.07968568364847024,platt_calib,0.0007672187173632195,,,,,,,,,,,
C,fg_rl,2023,2427,0.6330453498743632,0.6342265441485487,0.2210390874939174,0.6160794041001336,0.005400837102409479,1.0918500191851868,0.052798272921939074,0.08676746366554602,platt_calib,0.0007686851460714755,,,,,,,,,,,
C,fg_rl,2024,2425,0.6366681810338342,0.638051408470004,0.2226824770631418,0.5946228176765962,0.0110310942157779,0.8750694707340197,-0.09300689132006656,0.08730888224151458,platt_calib,0.0007723241137338333,,,,,,,,,,,
C,fg_rl,2025,2425,0.643020828685979,0.6465192821113082,0.22555763271993662,0.57234845116348,0.010022101388143929,0.8582295127435553,-0.05343695400584736,0.07282164639001484,platt_calib,0.0007741700501816492,,,,,,,,,,,
C,fg_rl,2026,1595,0.6458195798459764,0.6512347909093408,0.22712167141363881,0.561755685563331,0.022446790204159996,0.910666557750348,-0.031083826633630934,0.06277964327037522,platt_calib,0.0007751640037193269,,,,,,,,,,,
C,fg_total,2021,2304,,,,,,,,,,,2.4572614494115634,3.541568115885416,0.43581687109375,-0.5280876114649681,-0.09227074037121856,0.5724826388888888,0.93359375,0.37862400390625,0.3506944444444444,21.421551563829592,20.344480726453995
C,fg_total,2022,2421,,,,,,,,,,,2.4097605873706933,3.506597143329203,0.7169086270136307,-0.3496982873263889,0.3672103396872422,0.5609252375051632,0.9281288723667905,0.3529363085501859,0.29120198265179675,20.374373278896588,19.31843717055825
C,fg_total,2023,2427,,,,,,,,,,,2.526631190012967,3.6289394763081995,0.09672888710341991,-0.660122848409748,-0.5633939613063276,0.5595385249278945,0.9163576431808818,0.3569523271528636,0.35640708693860734,20.539516746291458,20.980993082050254
C,fg_total,2024,2425,,,,,,,,,,,2.374502748696299,3.4242396032989695,0.40296567010309287,-0.015944922950144273,0.38702074715294893,0.5736082474226805,0.9348453608247422,0.3449294581443299,0.3150515463917526,20.122168633556733,18.587300499521735
C,fg_total,2025,2425,,,,,,,,,,,2.5083831481761987,3.6364527670103093,0.4147995298969072,-0.4947596606185568,-0.07996013072164997,0.5538144329896907,0.92,0.355276821443299,0.32783505154639175,20.564857764846803,21.122905133382933
C,fg_total,2026,1595,,,,,,,,,,,2.4952342888794816,3.6046548658307205,0.2445969109717869,-0.377813212371134,-0.13321630139934684,0.5561128526645768,0.9266457680250784,0.3515802332288401,0.3341692789968652,20.37130971355529,20.731063570523087
C,f5_ml,2021,2070,0.6717241093371407,0.673607439127474,0.23948850818612896,0.6177410934744269,0.03116445074760315,1.4919003558916586,-0.17692147164770045,0.06750728955469722,platt_calib,0.0007644504128967535,,,,,,,,,,,
C,f5_ml,2022,1994,0.6680931409046639,0.6701620096105082,0.23752598974445804,0.6281231906536937,0.022881060003467926,1.1237349427881345,-0.027130956605643908,0.09519617311995075,platt_calib,0.0007670309036465907,,,,,,,,,,,
C,f5_ml,2023,2062,0.6773115074628323,0.6828756151627247,0.24220257312277296,0.5971689881089954,0.013017750786895346,0.8313483515269117,0.0003862387837352205,0.1020272688263457,platt_calib,0.000768429845907321,,,,,,,,,,,
C,f5_ml,2024,2086,0.6779642384687953,0.6828752129788107,0.24247898578623406,0.59967129644549,0.010480853985529953,1.043392148564747,-0.028691581289690175,0.08088783862472931,platt_calib,0.0007720461236089171,,,,,,,,,,,
C,f5_ml,2025,2039,0.6776793758037281,0.6787180454252152,0.24240152545466598,0.591631409287801,0.027933847611498714,1.0281694102098378,0.12147064314057673,0.08095754408746075,platt_calib,0.0007738137891229528,,,,,,,,,,,
C,f5_ml,2026,1345,0.6869412347131445,0.6932294188747595,0.246904114086151,0.5565209475002443,0.027075274713343395,0.6479692452754625,0.024389208645141568,0.08187932768277156,platt_calib,0.000774837593189266,,,,,,,,,,,
C,f5_rl,2021,2422,0.6772042391513118,0.6781754810560336,0.24208997000770274,0.6036484194294527,0.03530841155677005,1.5421714962139677,0.007986069081494783,0.05766706788420333,platt_calib,0.0007644924492326668,,,,,,,,,,,
C,f5_rl,2022,2421,0.6700762078168578,0.6707475595402508,0.238625849534368,0.6085362930655868,0.020702907129530285,1.0871389289841331,-0.05592323608328962,0.0827701909071676,platt_calib,0.0007672187173632195,,,,,,,,,,,
C,f5_rl,2023,2427,0.6776237311623275,0.6806277413513065,0.24231817196516992,0.581344303501892,0.01120376107325402,0.8288077927866337,-0.005169623822311109,0.08523380623399611,platt_calib,0.0007686851460714755,,,,,,,,,,,
C,f5_rl,2024,2425,0.6766168045715265,0.6784066615957006,0.24180803226341183,0.5876731549625147,0.01554416754347445,1.0941395276555992,0.025609600228740422,0.0674606587944945,platt_calib,0.0007723241137338333,,,,,,,,,,,
C,f5_rl,2025,2425,0.6814936117769791,0.6847431387675358,0.24418050519400725,0.5682508027206779,0.02689985854326681,0.8919112262322892,0.03210969455317873,0.07002107376124775,platt_calib,0.0007741700501816492,,,,,,,,,,,
C,f5_rl,2026,1595,0.6831398932516856,0.6880175089926469,0.24508010505184685,0.5513852079241902,0.01639989355712001,0.798059841548796,-0.052095684343323435,0.06254759540952812,platt_calib,0.0007751640037193269,,,,,,,,,,,
C,f5_total,2021,2422,,,,,,,,,,,1.807340336492904,2.5780843406275804,0.00755967093311324,0.016192585937499837,0.023752256870612866,0.5578034682080925,0.8976052848885219,0.28611915772089186,0.2943848059454996,8.641453337237298,11.255215745291066
C,f5_total,2022,2421,,,,,,,,,,,1.7961065532902487,2.5851801726559276,0.1504720528707147,-0.0007860004128820377,0.14968605245783276,0.5274679884345311,0.8872366790582404,0.26339072036348615,0.27344072697232547,8.192031676171686,10.898074315661136
C,f5_total,2023,2427,,,,,,,,,,,1.933645834467504,2.7467450300782863,-0.22419824886691378,-0.140095006195787,-0.36429325506270044,0.5125669550885867,0.8743304491141327,0.26858978121137206,0.31479192418623814,8.292526677619708,12.291058445122507
C,f5_total,2024,2425,,,,,,,,,,,1.777720952319857,2.5433331616494845,-0.01429929525773189,0.25227135434693027,0.23797205908919805,0.5488659793814433,0.8907216494845361,0.25847723422680413,0.27628865979381445,8.113080986589328,10.401483515782761
C,f5_total,2025,2425,,,,,,,,,,,1.807814000766297,2.600692192989691,0.03865484948453619,-0.050738227216494944,-0.012083377731959123,0.5323711340206185,0.8985567010309279,0.27251148412371134,0.2861855670103093,8.388946810090777,11.071337485386332
C,f5_total,2026,1595,,,,,,,,,,,1.776300523851465,2.5361222056426334,-0.06519907460815036,-0.011760997525773297,-0.07696007213392325,0.542319749216301,0.9009404388714733,0.2644493510971787,0.2984326018808777,8.218650363941709,10.70695295840253
C,nrfi,2021,2422,0.6909934268925048,0.7375441855922608,0.24892135590544448,0.5408357609282686,0.011302768971329917,0.9849111959529617,-0.04536691289922177,0.034973900393350174,platt_calib,0.0007644924492326668,,,,,,,,,,,
C,nrfi,2022,2421,0.6899132301253522,0.7335184244728237,0.24838150651085777,0.5467174184907027,0.022958535166560875,1.1261362395842776,0.03896386971756128,0.03335726147164134,platt_calib,0.0007672187173632195,,,,,,,,,,,
C,nrfi,2023,2427,0.6920570014485543,0.7298884041700926,0.2494524787557648,0.5333155635840112,0.015112300695121018,0.7333875009045989,-0.044090090806471124,0.03929147661368273,platt_calib,0.0007686851460714755,,,,,,,,,,,
C,nrfi,2024,2425,0.6911176437023054,0.7400752882773208,0.24898930595345434,0.529770932911382,0.03326608434466084,1.035350949905185,0.13153823473575577,0.03043189364115306,platt_calib,0.0007723241137338333,,,,,,,,,,,
C,nrfi,2025,2425,0.6927622883482041,0.718957938501515,0.24981314887150977,0.5454267185261672,0.04063740724347709,1.2497505844070327,-0.18424699950727697,0.03212380990866917,platt_calib,0.0007741700501816492,,,,,,,,,,,
C,nrfi,2026,1595,0.6881025788028556,0.7102202212612259,0.24749606869948557,0.5542809775923845,0.011749844882508933,1.2769845592697961,-0.033415507794561414,0.040180938653122215,platt_calib,0.0007751640037193269,,,,,,,,,,,
